time,open,high,low,Close,tick_volume,spread,real_volume
2024-08-26 12:00:00,1.11803,1.11827,1.11714,1.11743,2960,2,0
2024-08-26 13:00:00,1.11743,1.11769,1.11691,1.11715,2489,2,0
2024-08-26 14:00:00,1.11715,1.11734,1.1163,1.11651,3070,2,0
2024-08-26 15:00:00,1.11651,1.11685,1.11584,1.11612,4706,2,0
2024-08-26 16:00:00,1.11612,1.11625,1.11499,1.11596,5588,2,0
2024-08-26 17:00:00,1.11595,1.11788,1.11538,1.11765,5430,2,0
2024-08-26 18:00:00,1.11765,1.11769,1.11633,1.11636,3725,2,0
2024-08-26 19:00:00,1.11635,1.11721,1.11595,1.11713,2963,2,0
2024-08-26 20:00:00,1.11712,1.11755,1.11677,1.11696,2713,2,0
2024-08-26 21:00:00,1.11697,1.11711,1.11594,1.11636,2824,2,0
2024-08-26 22:00:00,1.11636,1.11656,1.11586,1.11595,1865,2,0
2024-08-26 23:00:00,1.11594,1.11615,1.11586,1.11611,720,2,0
2024-08-27 00:00:00,1.11603,1.11626,1.11593,1.11597,490,10,0
2024-08-27 01:00:00,1.11598,1.11638,1.11597,1.11629,787,2,0
2024-08-27 02:00:00,1.1163,1.11669,1.11629,1.11645,861,2,0
2024-08-27 03:00:00,1.11645,1.11656,1.11595,1.11609,1665,2,0
2024-08-27 04:00:00,1.11609,1.11706,1.11596,1.11691,1900,2,0
2024-08-27 05:00:00,1.11693,1.11705,1.1164,1.11681,1149,2,0
2024-08-27 06:00:00,1.1168,1.11689,1.1165,1.1166800000000001,899,2,0
2024-08-27 07:00:00,1.11667,1.11694,1.11666,1.11683,1146,2,0
2024-08-27 08:00:00,1.11683,1.11723,1.11646,1.11667,1252,2,0
2024-08-27 09:00:00,1.11667,1.11715,1.11612,1.1161699999999999,2712,2,0
2024-08-27 10:00:00,1.11616,1.11726,1.11616,1.1164,4182,2,0
2024-08-27 11:00:00,1.1164,1.11741,1.1162,1.11665,2985,2,0
2024-08-27 12:00:00,1.11663,1.11787,1.11661,1.11681,3283,2,0
2024-08-27 13:00:00,1.11681,1.117,1.1161699999999999,1.1166,3036,2,0
2024-08-27 14:00:00,1.1166,1.11697,1.11605,1.11605,3098,2,0
2024-08-27 15:00:00,1.11606,1.11646,1.11504,1.11586,4367,2,0
2024-08-27 16:00:00,1.11584,1.11697,1.11525,1.11679,4733,2,0
2024-08-27 17:00:00,1.11676,1.11717,1.11627,1.11662,6204,2,0
2024-08-27 18:00:00,1.11661,1.11699,1.11586,1.11596,3784,2,0
2024-08-27 19:00:00,1.11596,1.11677,1.11595,1.11658,2545,2,0
2024-08-27 20:00:00,1.11658,1.11826,1.11644,1.11814,2764,2,0
2024-08-27 21:00:00,1.11813,1.11905,1.1179999999999999,1.11859,2583,2,0
2024-08-27 22:00:00,1.11858,1.11859,1.11814,1.11842,1617,2,0
2024-08-27 23:00:00,1.11842,1.11859,1.11827,1.11846,691,2,0
2024-08-28 00:00:00,1.1181,1.11843,1.11796,1.11831,360,13,0
2024-08-28 01:00:00,1.11831,1.11853,1.11831,1.1184,453,2,0
2024-08-28 02:00:00,1.1184,1.11846,1.11746,1.1177,798,2,0
2024-08-28 03:00:00,1.1177,1.1179999999999999,1.11744,1.11798,1827,2,0
2024-08-28 04:00:00,1.11798,1.11799,1.1172,1.11738,2073,2,0
2024-08-28 05:00:00,1.11738,1.11777,1.11665,1.11666,1676,2,0
2024-08-28 06:00:00,1.11666,1.11692,1.11624,1.11657,1282,2,0
2024-08-28 07:00:00,1.11659,1.1168,1.11582,1.11596,1246,2,0
2024-08-28 08:00:00,1.11595,1.1160700000000001,1.11396,1.11437,2562,2,0
2024-08-28 09:00:00,1.1144,1.11513,1.11348,1.11478,3360,2,0
2024-08-28 10:00:00,1.11479,1.1159,1.11479,1.11562,3880,2,0
2024-08-28 11:00:00,1.11561,1.11592,1.11389,1.11412,3636,2,0
2024-08-28 12:00:00,1.11413,1.11456,1.11331,1.11358,3638,2,0
2024-08-28 13:00:00,1.11358,1.11376,1.11219,1.11252,3627,2,0
2024-08-28 14:00:00,1.11252,1.11309,1.11173,1.11205,3471,2,0
2024-08-28 15:00:00,1.11205,1.1123,1.11049,1.11118,4781,2,0
2024-08-28 16:00:00,1.11118,1.1122,1.11104,1.11111,5668,2,0
2024-08-28 17:00:00,1.11111,1.11377,1.11106,1.11301,6328,2,0
2024-08-28 18:00:00,1.113,1.11311,1.11212,1.1126,4605,2,0
2024-08-28 19:00:00,1.1126,1.11261,1.11102,1.11148,3646,2,0
2024-08-28 20:00:00,1.11147,1.11172,1.11052,1.11066,3022,2,0
2024-08-28 21:00:00,1.11066,1.11161,1.11055,1.11156,2452,2,0
2024-08-28 22:00:00,1.11157,1.11179,1.1113,1.11132,2361,2,0
2024-08-28 23:00:00,1.11132,1.112,1.11123,1.11197,1163,2,0
2024-08-29 00:00:00,1.11194,1.11196,1.11183,1.11196,58,8,0
2024-08-29 01:00:00,1.11196,1.11244,1.11185,1.11239,935,2,0
2024-08-29 02:00:00,1.11239,1.11261,1.11226,1.11245,831,2,0
2024-08-29 03:00:00,1.11245,1.11324,1.11241,1.11313,1664,2,0
2024-08-29 04:00:00,1.11314,1.11339,1.11284,1.11289,1381,2,0
2024-08-29 05:00:00,1.11288,1.11322,1.11272,1.11315,1118,2,0
2024-08-29 06:00:00,1.11314,1.11357,1.11299,1.11356,1062,2,0
2024-08-29 07:00:00,1.11356,1.1137,1.11332,1.11353,1206,2,0
2024-08-29 08:00:00,1.11354,1.11378,1.11319,1.11355,1774,2,0
2024-08-29 09:00:00,1.11353,1.114,1.11256,1.11282,2838,2,0
2024-08-29 10:00:00,1.11282,1.11314,1.11162,1.11299,4216,2,0
2024-08-29 11:00:00,1.11298,1.11298,1.10718,1.10847,6886,2,0
2024-08-29 12:00:00,1.10847,1.1099,1.10833,1.10938,3617,2,0
2024-08-29 13:00:00,1.10938,1.11,1.10872,1.10974,2839,2,0
2024-08-29 14:00:00,1.10974,1.10998,1.10913,1.1096,2839,2,0
2024-08-29 15:00:00,1.10961,1.10976,1.10727,1.10842,7306,2,0
2024-08-29 16:00:00,1.10842,1.10895,1.10726,1.10821,6313,2,0
2024-08-29 17:00:00,1.10822,1.10831,1.10556,1.10698,6468,2,0
2024-08-29 18:00:00,1.10699,1.10854,1.1066799999999999,1.10848,4352,2,0
2024-08-29 19:00:00,1.1085,1.1088,1.10782,1.10816,3523,2,0
2024-08-29 20:00:00,1.10816,1.10853,1.10783,1.10837,3212,2,0
2024-08-29 21:00:00,1.10837,1.10846,1.10752,1.10791,3597,2,0
2024-08-29 22:00:00,1.10791,1.10813,1.10746,1.10758,2753,2,0
2024-08-29 23:00:00,1.10757,1.10791,1.1075,1.10782,937,2,0
2024-08-30 00:00:00,1.10746,1.10798,1.10746,1.10783,307,6,0
2024-08-30 01:00:00,1.10783,1.10802,1.10771,1.10801,493,2,0
2024-08-30 02:00:00,1.108,1.10832,1.10788,1.108,852,2,0
2024-08-30 03:00:00,1.108,1.10829,1.10788,1.10805,1501,2,0
2024-08-30 04:00:00,1.10805,1.10821,1.10713,1.10713,2079,2,0
2024-08-30 05:00:00,1.10713,1.10735,1.10697,1.1072,1187,2,0
2024-08-30 06:00:00,1.1072,1.10763,1.10711,1.10737,1044,2,0
2024-08-30 07:00:00,1.10736,1.10773,1.10718,1.1074,1150,2,0
2024-08-30 08:00:00,1.1074,1.10778,1.10735,1.1077,1374,2,0
2024-08-30 09:00:00,1.10769,1.10853,1.10743,1.1085,2735,2,0
2024-08-30 10:00:00,1.1085099999999999,1.10891,1.10751,1.1084,3956,2,0
2024-08-30 11:00:00,1.1084,1.10951,1.10735,1.10749,3686,2,0
2024-08-30 12:00:00,1.10748,1.10854,1.10748,1.10827,3418,2,0
2024-08-30 13:00:00,1.10828,1.10842,1.10745,1.10792,2917,2,0
2024-08-30 14:00:00,1.10792,1.10882,1.10783,1.10814,3005,2,0
2024-08-30 15:00:00,1.10814,1.1088,1.10577,1.10679,6009,2,0
2024-08-30 16:00:00,1.10687,1.10759,1.10537,1.10719,6604,2,0
2024-08-30 17:00:00,1.10719,1.10801,1.10617,1.1068500000000001,7789,2,0
2024-08-30 18:00:00,1.10686,1.1072,1.10529,1.10598,5385,2,0
2024-08-30 19:00:00,1.10597,1.10598,1.10438,1.10495,3733,2,0
2024-08-30 20:00:00,1.10496,1.10567,1.10482,1.10524,2865,2,0
2024-08-30 21:00:00,1.10524,1.1056300000000001,1.10494,1.10522,2137,2,0
2024-08-30 22:00:00,1.10519,1.10548,1.10473,1.10526,2849,2,0
2024-08-30 23:00:00,1.10525,1.10553,1.1048,1.10484,1305,2,0
2024-09-02 00:00:00,1.10447,1.10484,1.10442,1.10477,128,26,0
2024-09-02 01:00:00,1.10482,1.10496,1.10443,1.10457,676,2,0
2024-09-02 02:00:00,1.10458,1.10471,1.1044100000000001,1.10446,1123,2,0
2024-09-02 03:00:00,1.10445,1.10559,1.10419,1.10535,1442,2,0
2024-09-02 04:00:00,1.10535,1.10556,1.1050200000000001,1.10514,1654,2,0
2024-09-02 05:00:00,1.10513,1.10536,1.10458,1.10514,1467,2,0
2024-09-02 06:00:00,1.10513,1.10554,1.10484,1.10484,1272,2,0
2024-09-02 07:00:00,1.1048499999999999,1.10486,1.10439,1.10484,860,2,0
2024-09-02 08:00:00,1.1048499999999999,1.10564,1.10453,1.10552,1120,2,0
2024-09-02 09:00:00,1.10552,1.10701,1.10548,1.10657,2142,2,0
2024-09-02 10:00:00,1.10657,1.10686,1.10558,1.10666,3533,2,0
2024-09-02 11:00:00,1.10666,1.10774,1.1064,1.10674,3396,2,0
2024-09-02 12:00:00,1.10675,1.1072899999999999,1.10635,1.1069,2818,2,0
2024-09-02 13:00:00,1.1069,1.10705,1.10614,1.10663,2189,2,0
2024-09-02 14:00:00,1.10664,1.10689,1.10596,1.10597,2662,2,0
2024-09-02 15:00:00,1.10596,1.10713,1.10584,1.10679,2621,2,0
2024-09-02 16:00:00,1.10682,1.10719,1.10663,1.10679,2496,2,0
2024-09-02 17:00:00,1.10678,1.10715,1.106,1.10688,2851,2,0
2024-09-02 18:00:00,1.10689,1.10708,1.10637,1.10678,1515,2,0
2024-09-02 19:00:00,1.10679,1.10682,1.10622,1.10657,904,2,0
2024-09-02 20:00:00,1.10657,1.10686,1.10657,1.10686,233,3,0
2024-09-02 21:00:00,1.10684,1.10715,1.10683,1.10707,244,3,0
2024-09-02 22:00:00,1.10707,1.10726,1.10705,1.10721,198,3,0
2024-09-02 23:00:00,1.1072,1.10723,1.10705,1.10714,217,3,0
2024-09-03 00:00:00,1.1066799999999999,1.10722,1.1066799999999999,1.10706,510,14,0
2024-09-03 01:00:00,1.10705,1.10728,1.10665,1.10667,391,2,0
2024-09-03 02:00:00,1.10667,1.10681,1.10645,1.10672,645,2,0
2024-09-03 03:00:00,1.10672,1.10688,1.10589,1.10605,2008,2,0
2024-09-03 04:00:00,1.10605,1.10683,1.106,1.10669,2023,2,0
2024-09-03 05:00:00,1.1067,1.10703,1.10629,1.10636,1462,2,0
2024-09-03 06:00:00,1.10636,1.10636,1.10574,1.1058,1493,2,0
2024-09-03 07:00:00,1.10578,1.10587,1.10539,1.10542,1613,2,0
2024-09-03 08:00:00,1.10542,1.10599,1.10539,1.10594,1715,2,0
2024-09-03 09:00:00,1.10594,1.10616,1.1051,1.10615,3029,2,0
2024-09-03 10:00:00,1.10617,1.10677,1.10555,1.1056,4375,2,0
2024-09-03 11:00:00,1.10557,1.10597,1.1048,1.1048499999999999,4175,2,0
2024-09-03 12:00:00,1.1048499999999999,1.10505,1.10341,1.104,4014,2,0
2024-09-03 13:00:00,1.10399,1.10417,1.10331,1.10357,3385,2,0
2024-09-03 14:00:00,1.10357,1.10428,1.10337,1.10362,3249,2,0
2024-09-03 15:00:00,1.10362,1.10526,1.10335,1.10478,4463,2,0
2024-09-03 16:00:00,1.1048,1.10634,1.1048,1.1061,6295,2,0
2024-09-03 17:00:00,1.10585,1.1069,1.1037,1.10422,8744,2,0
2024-09-03 18:00:00,1.10417,1.10444,1.10359,1.10423,4297,2,0
2024-09-03 19:00:00,1.10423,1.10472,1.10379,1.10392,2929,2,0
2024-09-03 20:00:00,1.10394,1.104,1.10263,1.10279,2451,2,0
2024-09-03 21:00:00,1.10279,1.10392,1.10265,1.10379,2266,2,0
2024-09-03 22:00:00,1.10379,1.10421,1.10373,1.10417,2403,2,0
2024-09-03 23:00:00,1.10418,1.10443,1.10396,1.10443,904,2,0
2024-09-04 00:00:00,1.1036,1.1045,1.10357,1.10448,851,9,0
2024-09-04 01:00:00,1.10448,1.10468,1.10396,1.10456,970,2,0
2024-09-04 02:00:00,1.10457,1.10505,1.1045,1.10484,1422,2,0
2024-09-04 03:00:00,1.10484,1.10513,1.10464,1.10482,2794,2,0
2024-09-04 04:00:00,1.10482,1.1056300000000001,1.10475,1.1053,2353,2,0
2024-09-04 05:00:00,1.10533,1.1056300000000001,1.10493,1.10526,1629,2,0
2024-09-04 06:00:00,1.10526,1.10552,1.10503,1.1054,1215,2,0
2024-09-04 07:00:00,1.10539,1.10571,1.10535,1.1056300000000001,1102,2,0
2024-09-04 08:00:00,1.1056300000000001,1.10599,1.10545,1.10578,1599,2,0
2024-09-04 09:00:00,1.10579,1.10579,1.10473,1.10534,3167,2,0
2024-09-04 10:00:00,1.10534,1.10628,1.10467,1.10559,4861,2,0
2024-09-04 11:00:00,1.10558,1.10588,1.10496,1.10517,3435,2,0
2024-09-04 12:00:00,1.10519,1.10586,1.1050200000000001,1.10532,2702,2,0
2024-09-04 13:00:00,1.10532,1.10558,1.105,1.1053,2335,2,0
2024-09-04 14:00:00,1.1053,1.10539,1.10427,1.10503,3062,2,0
2024-09-04 15:00:00,1.10503,1.10526,1.10399,1.10525,3599,2,0
2024-09-04 16:00:00,1.10524,1.10591,1.10499,1.10571,4443,2,0
2024-09-04 17:00:00,1.10572,1.1095,1.10571,1.10897,8032,2,0
2024-09-04 18:00:00,1.10896,1.10916,1.10764,1.10809,4135,2,0
2024-09-04 19:00:00,1.10809,1.10868,1.1076,1.10844,2800,2,0
2024-09-04 20:00:00,1.10842,1.10862,1.10658,1.10661,2406,2,0
2024-09-04 21:00:00,1.10661,1.10768,1.10652,1.1076,3032,2,0
2024-09-04 22:00:00,1.10761,1.10826,1.10751,1.10781,2453,2,0
2024-09-04 23:00:00,1.10782,1.10836,1.10755,1.1082,1164,2,0
2024-09-05 00:00:00,1.10831,1.10834,1.10818,1.10824,348,11,0
2024-09-05 01:00:00,1.10824,1.10865,1.10819,1.10849,692,2,0
2024-09-05 02:00:00,1.1085099999999999,1.10854,1.10789,1.10801,1445,2,0
2024-09-05 03:00:00,1.108,1.10819,1.10757,1.10792,2268,2,0
2024-09-05 04:00:00,1.10792,1.10855,1.10774,1.10789,2413,2,0
2024-09-05 05:00:00,1.10788,1.10834,1.10783,1.10798,1566,2,0
2024-09-05 06:00:00,1.10797,1.10797,1.10762,1.1077,1203,2,0
2024-09-05 07:00:00,1.10769,1.10779,1.10746,1.10769,994,2,0
2024-09-05 08:00:00,1.10768,1.10807,1.10766,1.10802,1420,2,0
2024-09-05 09:00:00,1.10803,1.10883,1.10796,1.10836,3309,2,0
2024-09-05 10:00:00,1.10836,1.10903,1.10797,1.10871,3993,2,0
2024-09-05 11:00:00,1.1087,1.11002,1.1084,1.10991,3621,2,0
2024-09-05 12:00:00,1.1099,1.11005,1.10927,1.10946,3140,2,0
2024-09-05 13:00:00,1.10946,1.10996,1.10922,1.10989,2219,2,0
2024-09-05 14:00:00,1.10988,1.11082,1.1093,1.10951,2753,2,0
2024-09-05 15:00:00,1.10954,1.11197,1.1087,1.10924,7328,2,0
2024-09-05 16:00:00,1.10927,1.11082,1.10904,1.11054,5873,2,0
2024-09-05 17:00:00,1.11035,1.11046,1.10762,1.10797,7581,2,0
2024-09-05 18:00:00,1.108,1.10958,1.10781,1.10953,4455,2,0
2024-09-05 19:00:00,1.10953,1.11052,1.10953,1.11009,2969,2,0
2024-09-05 20:00:00,1.1101,1.11072,1.10995,1.11067,2525,2,0
2024-09-05 21:00:00,1.11068,1.11133,1.11025,1.11042,1991,2,0
2024-09-05 22:00:00,1.1104,1.11077,1.11028,1.11037,2154,2,0
2024-09-05 23:00:00,1.11037,1.11112,1.11037,1.11109,888,2,0
2024-09-06 00:00:00,1.11092,1.11114,1.11084,1.1109,349,7,0
2024-09-06 01:00:00,1.11088,1.11111,1.1108500000000001,1.11096,497,2,0
2024-09-06 02:00:00,1.11097,1.11124,1.1108500000000001,1.11109,687,2,0
2024-09-06 03:00:00,1.1111,1.11147,1.1109499999999999,1.11133,1629,2,0
2024-09-06 04:00:00,1.11133,1.1114,1.11099,1.11106,1385,2,0
2024-09-06 05:00:00,1.11105,1.11127,1.11092,1.11111,975,2,0
2024-09-06 06:00:00,1.11112,1.11162,1.11109,1.11152,934,2,0
2024-09-06 07:00:00,1.11151,1.11176,1.11137,1.11158,902,2,0
2024-09-06 08:00:00,1.11159,1.11186,1.11139,1.1117,1433,2,0
2024-09-06 09:00:00,1.1117,1.11208,1.11141,1.11206,2281,2,0
2024-09-06 10:00:00,1.11206,1.11206,1.11107,1.11158,3337,2,0
2024-09-06 11:00:00,1.11159,1.11208,1.11129,1.11173,2911,2,0
2024-09-06 12:00:00,1.11173,1.11173,1.11074,1.11133,2691,2,0
2024-09-06 13:00:00,1.11133,1.11137,1.11068,1.11074,2353,2,0
2024-09-06 14:00:00,1.11075,1.11097,1.11026,1.11069,2859,2,0
2024-09-06 15:00:00,1.11069,1.11554,1.10781,1.11208,9094,2,0
2024-09-06 16:00:00,1.11208,1.11255,1.10655,1.10831,10265,2,0
2024-09-06 17:00:00,1.10833,1.1113,1.10731,1.11017,9708,2,0
2024-09-06 18:00:00,1.1102,1.1135,1.1083,1.10861,9942,2,0
2024-09-06 19:00:00,1.10855,1.10855,1.10696,1.10767,4985,2,0
2024-09-06 20:00:00,1.10768,1.10893,1.10696,1.10846,3855,2,0
2024-09-06 21:00:00,1.10846,1.10869,1.1078000000000001,1.10861,3360,2,0
2024-09-06 22:00:00,1.10861,1.10894,1.10822,1.10884,2706,2,0
2024-09-06 23:00:00,1.10885,1.10888,1.10845,1.10861,1434,2,0
2024-09-09 00:00:00,1.10797,1.10835,1.10796,1.10828,319,27,0
2024-09-09 01:00:00,1.10819,1.10905,1.10819,1.10867,1496,2,0
2024-09-09 02:00:00,1.10868,1.10909,1.10865,1.10866,2129,2,0
2024-09-09 03:00:00,1.10866,1.10911,1.10824,1.10832,2093,2,0
2024-09-09 04:00:00,1.10832,1.1091,1.10812,1.10821,2550,2,0
2024-09-09 05:00:00,1.10822,1.10832,1.10805,1.10807,1222,2,0
2024-09-09 06:00:00,1.10807,1.10817,1.10786,1.10799,1005,2,0
2024-09-09 07:00:00,1.10797,1.10802,1.10745,1.10757,1066,2,0
2024-09-09 08:00:00,1.10757,1.10759,1.10688,1.1069,1219,2,0
2024-09-09 09:00:00,1.1069,1.10718,1.10605,1.10645,2632,2,0
2024-09-09 10:00:00,1.10645,1.10662,1.10549,1.10592,4206,2,0
2024-09-09 11:00:00,1.10591,1.10625,1.10455,1.10476,3487,2,0
2024-09-09 12:00:00,1.10475,1.10589,1.10456,1.10562,2810,2,0
2024-09-09 13:00:00,1.10561,1.10566,1.10368,1.10402,2883,2,0
2024-09-09 14:00:00,1.10402,1.10448,1.10356,1.10447,2442,2,0
2024-09-09 15:00:00,1.10446,1.1049,1.10379,1.10396,3733,2,0
2024-09-09 16:00:00,1.10396,1.10522,1.10395,1.10469,4045,2,0
2024-09-09 17:00:00,1.1047,1.1047,1.10339,1.1042,4673,2,0
2024-09-09 18:00:00,1.1042,1.10449,1.10353,1.10413,3481,2,0
2024-09-09 19:00:00,1.10414,1.10507,1.10414,1.10488,2542,2,0
2024-09-09 20:00:00,1.10488,1.10537,1.10434,1.10435,2292,2,0
2024-09-09 21:00:00,1.10436,1.10463,1.10415,1.10428,1827,2,0
2024-09-09 22:00:00,1.10429,1.1043,1.10374,1.10381,1795,2,0
2024-09-09 23:00:00,1.10379,1.10393,1.10339,1.1035,1133,2,0
2024-09-10 00:00:00,1.10337,1.10377,1.10336,1.10368,488,8,0
2024-09-10 01:00:00,1.10367,1.10396,1.10351,1.10377,592,2,0
2024-09-10 02:00:00,1.10378,1.10383,1.10344,1.10352,612,2,0
2024-09-10 03:00:00,1.10352,1.10353,1.10283,1.10307,1740,2,0
2024-09-10 04:00:00,1.10307,1.10353,1.10305,1.10348,1580,2,0
2024-09-10 05:00:00,1.10348,1.10361,1.10326,1.10347,966,2,0
2024-09-10 06:00:00,1.10348,1.10391,1.10348,1.10384,779,2,0
2024-09-10 07:00:00,1.10384,1.10406,1.10359,1.104,585,2,0
2024-09-10 08:00:00,1.10399,1.10426,1.1038000000000001,1.10395,1081,2,0
2024-09-10 09:00:00,1.10395,1.10495,1.10337,1.10495,2689,2,0
2024-09-10 10:00:00,1.10494,1.10494,1.10367,1.1037,3524,2,0
2024-09-10 11:00:00,1.1037,1.10399,1.10335,1.10377,2842,2,0
2024-09-10 12:00:00,1.10377,1.10422,1.10323,1.10384,2377,2,0
2024-09-10 13:00:00,1.10385,1.10418,1.10337,1.10404,1982,2,0
2024-09-10 14:00:00,1.10407,1.10439,1.10266,1.10311,2661,2,0
2024-09-10 15:00:00,1.10311,1.10368,1.10265,1.10298,4062,2,0
2024-09-10 16:00:00,1.10297,1.1035,1.10174,1.10196,4343,2,0
2024-09-10 17:00:00,1.10196,1.10235,1.10151,1.10186,4890,2,0
2024-09-10 18:00:00,1.10187,1.10272,1.10172,1.10249,3234,2,0
2024-09-10 19:00:00,1.10248,1.10289,1.10226,1.10266,2544,2,0
2024-09-10 20:00:00,1.10266,1.10278,1.10226,1.1023,2269,2,0
2024-09-10 21:00:00,1.1023,1.1027,1.10206,1.10244,1762,2,0
2024-09-10 22:00:00,1.10245,1.10275,1.10221,1.10267,1808,2,0
2024-09-10 23:00:00,1.1026799999999999,1.1026799999999999,1.10185,1.10189,964,2,0
2024-09-11 00:00:00,1.10193,1.10194,1.10189,1.10192,49,7,0
2024-09-11 01:00:00,1.10196,1.10216,1.10193,1.10198,581,2,0
2024-09-11 02:00:00,1.10199,1.10237,1.10193,1.102,698,2,0
2024-09-11 03:00:00,1.10199,1.10227,1.10167,1.10201,1883,2,0
2024-09-11 04:00:00,1.10202,1.104,1.10182,1.10367,2760,2,0
2024-09-11 05:00:00,1.10368,1.10445,1.10326,1.10331,2196,2,0
2024-09-11 06:00:00,1.10331,1.10425,1.10315,1.10385,1515,2,0
2024-09-11 07:00:00,1.10385,1.10471,1.10378,1.10465,1729,2,0
2024-09-11 08:00:00,1.10465,1.10515,1.10425,1.10436,1997,2,0
2024-09-11 09:00:00,1.10435,1.1049,1.10407,1.10452,2810,2,0
2024-09-11 10:00:00,1.10451,1.10519,1.10404,1.10412,3665,2,0
2024-09-11 11:00:00,1.1041,1.10479,1.10366,1.10438,3019,2,0
2024-09-11 12:00:00,1.10438,1.10489,1.10419,1.1042,2615,2,0
2024-09-11 13:00:00,1.1042,1.1049,1.10386,1.10487,2413,2,0
2024-09-11 14:00:00,1.10487,1.10549,1.10427,1.10436,2715,2,0
2024-09-11 15:00:00,1.10436,1.10488,1.10032,1.10162,8430,2,0
2024-09-11 16:00:00,1.10163,1.10263,1.10098,1.10128,7519,2,0
2024-09-11 17:00:00,1.10128,1.10153,1.1002,1.10103,7534,2,0
2024-09-11 18:00:00,1.10103,1.10166,1.10076,1.10121,4551,2,0
2024-09-11 19:00:00,1.10121,1.10177,1.10098,1.10159,3464,2,0
2024-09-11 20:00:00,1.10159,1.10209,1.10151,1.10184,3641,2,0
2024-09-11 21:00:00,1.10184,1.10227,1.10179,1.10181,2433,2,0
2024-09-11 22:00:00,1.10181,1.10264,1.10159,1.10174,2429,2,0
2024-09-11 23:00:00,1.10173,1.1018,1.1014,1.10142,1038,2,0
2024-09-12 00:00:00,1.10123,1.10138,1.10117,1.10127,218,5,0
2024-09-12 01:00:00,1.10126,1.10155,1.10113,1.10123,475,2,0
2024-09-12 02:00:00,1.10123,1.10129,1.10102,1.10102,707,2,0
2024-09-12 03:00:00,1.10101,1.10117,1.10059,1.10068,1460,2,0
2024-09-12 04:00:00,1.10068,1.10129,1.10066,1.10111,1603,2,0
2024-09-12 05:00:00,1.10112,1.10123,1.10076,1.10098,1247,2,0
2024-09-12 06:00:00,1.10098,1.1014,1.10097,1.1013600000000001,847,2,0
2024-09-12 07:00:00,1.1013600000000001,1.10169,1.10135,1.10163,692,2,0
2024-09-12 08:00:00,1.10163,1.1022,1.10152,1.1022,1152,2,0
2024-09-12 09:00:00,1.1022,1.10238,1.10077,1.10083,2463,2,0
2024-09-12 10:00:00,1.10089,1.10158,1.10059,1.10076,3762,2,0
2024-09-12 11:00:00,1.10076,1.10218,1.10054,1.10155,3264,2,0
2024-09-12 12:00:00,1.10156,1.102,1.10127,1.10145,2614,2,0
2024-09-12 13:00:00,1.10145,1.10235,1.10144,1.10217,2179,2,0
2024-09-12 14:00:00,1.10217,1.10235,1.10129,1.10138,2492,2,0
2024-09-12 15:00:00,1.10138,1.10321,1.10081,1.1025,7574,2,0
2024-09-12 16:00:00,1.10251,1.10406,1.10245,1.10372,6980,2,0
2024-09-12 17:00:00,1.10369,1.10472,1.10297,1.10399,5472,2,0
2024-09-12 18:00:00,1.10399,1.10427,1.10308,1.10401,3692,2,0
2024-09-12 19:00:00,1.10401,1.1048,1.10369,1.10461,2920,2,0
2024-09-12 20:00:00,1.10462,1.10566,1.1042399999999999,1.1056300000000001,3663,2,0
2024-09-12 21:00:00,1.10562,1.1062400000000001,1.10512,1.10608,3746,2,0
2024-09-12 22:00:00,1.1060699999999999,1.10717,1.10599,1.10703,3143,2,0
2024-09-12 23:00:00,1.10704,1.1075,1.10684,1.10731,1480,2,0
2024-09-13 00:00:00,1.10734,1.10742,1.10718,1.10736,109,5,0
2024-09-13 01:00:00,1.10746,1.10756,1.10703,1.10718,795,2,0
2024-09-13 02:00:00,1.10718,1.10791,1.10716,1.10789,1319,2,0
2024-09-13 03:00:00,1.10789,1.10874,1.10775,1.10871,2021,2,0
2024-09-13 04:00:00,1.10871,1.10891,1.10803,1.10818,2057,2,0
2024-09-13 05:00:00,1.10818,1.10899,1.10793,1.10868,1883,2,0
2024-09-13 06:00:00,1.10867,1.10901,1.1084,1.10869,1309,2,0
2024-09-13 07:00:00,1.10869,1.10883,1.1084,1.10844,1103,2,0
2024-09-13 08:00:00,1.10844,1.10862,1.10815,1.10825,1384,2,0
2024-09-13 09:00:00,1.10824,1.10846,1.10744,1.10788,2809,2,0
2024-09-13 10:00:00,1.10788,1.10942,1.1073,1.10924,3715,2,0
2024-09-13 11:00:00,1.10923,1.10939,1.10858,1.10927,3303,2,0
2024-09-13 12:00:00,1.10927,1.11009,1.10882,1.10919,3464,2,0
2024-09-13 13:00:00,1.10918,1.1097299999999999,1.10868,1.10905,2981,2,0
2024-09-13 14:00:00,1.10907,1.1093,1.10811,1.10842,3257,2,0
2024-09-13 15:00:00,1.10844,1.10935,1.10792,1.10929,4749,2,0
2024-09-13 16:00:00,1.10929,1.11018,1.10878,1.10944,6239,2,0
2024-09-13 17:00:00,1.10939,1.10951,1.10843,1.10889,7012,2,0
2024-09-13 18:00:00,1.10889,1.10918,1.10819,1.10843,4243,2,0
2024-09-13 19:00:00,1.10845,1.1085,1.10768,1.1084,3612,2,0
2024-09-13 20:00:00,1.10839,1.10859,1.10801,1.10816,2277,2,0
2024-09-13 21:00:00,1.10815,1.10845,1.10767,1.1078000000000001,2039,2,0
2024-09-13 22:00:00,1.1078000000000001,1.10813,1.1076,1.10778,2262,2,0
2024-09-13 23:00:00,1.10779,1.10782,1.10728,1.10744,985,2,0
2024-09-16 00:00:00,1.10763,1.10769,1.10741,1.10757,581,28,0
2024-09-16 01:00:00,1.10766,1.10874,1.10755,1.10868,1057,2,0
2024-09-16 02:00:00,1.10869,1.10895,1.10849,1.10873,961,2,0
2024-09-16 03:00:00,1.10872,1.10924,1.1087,1.10894,1407,2,0
2024-09-16 04:00:00,1.10893,1.10925,1.10874,1.10878,1272,2,0
2024-09-16 05:00:00,1.10877,1.1091,1.10866,1.1089,922,2,0
2024-09-16 06:00:00,1.10891,1.11047,1.10879,1.1104,1652,2,0
2024-09-16 07:00:00,1.11039,1.11047,1.10969,1.10971,1415,2,0
2024-09-16 08:00:00,1.10971,1.10996,1.10957,1.10983,1023,2,0
2024-09-16 09:00:00,1.10985,1.11158,1.10975,1.11144,2987,2,0
2024-09-16 10:00:00,1.11145,1.11197,1.1109499999999999,1.1115,3215,2,0
2024-09-16 11:00:00,1.1115,1.11261,1.11138,1.11227,3305,2,0
2024-09-16 12:00:00,1.11227,1.11289,1.1118,1.11205,3132,2,0
2024-09-16 13:00:00,1.11203,1.1128,1.112,1.1122,2580,2,0
2024-09-16 14:00:00,1.1122,1.11256,1.11158,1.11237,2527,2,0
2024-09-16 15:00:00,1.11237,1.11327,1.11165,1.11249,4680,2,0
2024-09-16 16:00:00,1.11252,1.11375,1.11226,1.11294,5086,2,0
2024-09-16 17:00:00,1.11294,1.11306,1.1118,1.11238,4522,2,0
2024-09-16 18:00:00,1.11238,1.11243,1.11165,1.11226,3345,2,0
2024-09-16 19:00:00,1.11225,1.11301,1.11194,1.11288,3078,2,0
2024-09-16 20:00:00,1.11289,1.11299,1.11161,1.11234,2514,2,0
2024-09-16 21:00:00,1.11234,1.11244,1.11197,1.1120700000000001,2233,2,0
2024-09-16 22:00:00,1.1120700000000001,1.11298,1.11186,1.11288,1961,2,0
2024-09-16 23:00:00,1.11289,1.11335,1.11279,1.11327,934,2,0
2024-09-17 00:00:00,1.11321,1.11321,1.11302,1.11306,237,6,0
2024-09-17 01:00:00,1.11304,1.11313,1.1126800000000001,1.11272,627,2,0
2024-09-17 02:00:00,1.11276,1.11299,1.11232,1.11291,1152,2,0
2024-09-17 03:00:00,1.11291,1.1131199999999999,1.11218,1.1123,1721,2,0
2024-09-17 04:00:00,1.11228,1.11296,1.11226,1.11278,1524,2,0
2024-09-17 05:00:00,1.11277,1.11297,1.11247,1.11271,1179,2,0
2024-09-17 06:00:00,1.1126800000000001,1.11284,1.11228,1.11239,1081,2,0
2024-09-17 07:00:00,1.1124,1.11245,1.11217,1.11243,960,2,0
2024-09-17 08:00:00,1.11243,1.11289,1.1122,1.11266,1215,2,0
2024-09-17 09:00:00,1.11266,1.11333,1.11209,1.11209,2633,2,0
2024-09-17 10:00:00,1.11208,1.11379,1.11157,1.11362,3924,2,0
2024-09-17 11:00:00,1.11361,1.11461,1.1133,1.11443,3138,2,0
2024-09-17 12:00:00,1.11449,1.11449,1.11346,1.1138,3271,2,0
2024-09-17 13:00:00,1.11381,1.11398,1.11318,1.11342,2467,2,0
2024-09-17 14:00:00,1.11342,1.11427,1.11301,1.11386,2683,2,0
2024-09-17 15:00:00,1.11388,1.11437,1.11178,1.11247,7143,2,0
2024-09-17 16:00:00,1.11248,1.11278,1.11115,1.11131,6833,2,0
2024-09-17 17:00:00,1.11132,1.11282,1.11132,1.11245,6209,2,0
2024-09-17 18:00:00,1.11248,1.11262,1.11152,1.11174,4305,2,0
2024-09-17 19:00:00,1.11173,1.11216,1.1115,1.11194,3589,2,0
2024-09-17 20:00:00,1.11194,1.11208,1.11109,1.1116,3285,2,0
2024-09-17 21:00:00,1.1116,1.11226,1.11154,1.11222,3023,2,0
2024-09-17 22:00:00,1.11223,1.11235,1.11147,1.11157,2537,2,0
2024-09-17 23:00:00,1.11158,1.11168,1.11126,1.1113,1152,2,0
2024-09-18 00:00:00,1.11133,1.11156,1.1113,1.11131,377,8,0
2024-09-18 01:00:00,1.11141,1.11187,1.11136,1.11181,430,2,0
2024-09-18 02:00:00,1.11181,1.11239,1.11179,1.1122,768,2,0
2024-09-18 03:00:00,1.1122,1.11286,1.11215,1.1127,1687,2,0
2024-09-18 04:00:00,1.1127,1.11304,1.11252,1.11278,1571,2,0
2024-09-18 05:00:00,1.11278,1.11286,1.11248,1.1128,1089,2,0
2024-09-18 06:00:00,1.1128,1.11286,1.11253,1.11262,838,2,0
2024-09-18 07:00:00,1.11262,1.11263,1.11199,1.11201,687,2,0
2024-09-18 08:00:00,1.11199,1.11216,1.11176,1.1120700000000001,981,2,0
2024-09-18 09:00:00,1.11205,1.1126,1.11153,1.11187,3135,2,0
2024-09-18 10:00:00,1.11186,1.1131199999999999,1.11174,1.1131199999999999,3699,2,0
2024-09-18 11:00:00,1.1131199999999999,1.11333,1.11278,1.11297,3354,2,0
2024-09-18 12:00:00,1.11297,1.11399,1.1126800000000001,1.11382,2885,2,0
2024-09-18 13:00:00,1.11381,1.11387,1.11297,1.113,2251,2,0
2024-09-18 14:00:00,1.113,1.11302,1.11224,1.11243,2528,2,0
2024-09-18 15:00:00,1.11246,1.11286,1.11179,1.11223,3129,2,0
2024-09-18 16:00:00,1.11224,1.11398,1.11224,1.11352,4129,2,0
2024-09-18 17:00:00,1.11353,1.11362,1.11081,1.11179,4967,2,0
2024-09-18 18:00:00,1.1118,1.11221,1.11117,1.11157,3565,2,0
2024-09-18 19:00:00,1.11157,1.11262,1.11154,1.11243,2423,2,0
2024-09-18 20:00:00,1.11242,1.11305,1.11171,1.11247,3195,2,0
2024-09-18 21:00:00,1.1125099999999999,1.11891,1.11242,1.11491,13786,2,0
2024-09-18 22:00:00,1.11486,1.11486,1.10966,1.11058,11641,2,0
2024-09-18 23:00:00,1.11055,1.11205,1.11044,1.11178,2487,2,0
2024-09-19 00:00:00,1.11127,1.11174,1.11102,1.11161,361,11,0
2024-09-19 01:00:00,1.11164,1.11239,1.1115,1.11217,1332,2,0
2024-09-19 02:00:00,1.11218,1.11219,1.1111,1.11138,1596,2,0
2024-09-19 03:00:00,1.11139,1.11166,1.10787,1.10815,4322,2,0
2024-09-19 04:00:00,1.10815,1.10857,1.1068500000000001,1.10833,3805,2,0
2024-09-19 05:00:00,1.10831,1.11036,1.10831,1.11018,3365,2,0
2024-09-19 06:00:00,1.11019,1.11193,1.10994,1.11184,2695,2,0
2024-09-19 07:00:00,1.11185,1.11213,1.11149,1.11201,1929,2,0
2024-09-19 08:00:00,1.11202,1.1131199999999999,1.11201,1.11309,2601,2,0
2024-09-19 09:00:00,1.11309,1.11452,1.11288,1.11452,4790,2,0
2024-09-19 10:00:00,1.11453,1.1153,1.114,1.11458,5865,2,0
2024-09-19 11:00:00,1.11457,1.11691,1.1145,1.11626,4720,2,0
2024-09-19 12:00:00,1.11625,1.11787,1.11622,1.11778,4243,2,0
2024-09-19 13:00:00,1.11778,1.11787,1.11685,1.11701,3662,2,0
2024-09-19 14:00:00,1.11703,1.1176,1.1152,1.11579,5299,2,0
2024-09-19 15:00:00,1.11578,1.11583,1.11256,1.11259,7545,2,0
2024-09-19 16:00:00,1.11258,1.11405,1.11173,1.11219,7856,2,0
2024-09-19 17:00:00,1.1122,1.11332,1.11164,1.11292,7499,2,0
2024-09-19 18:00:00,1.11293,1.11487,1.11255,1.11468,5196,2,0
2024-09-19 19:00:00,1.11467,1.11582,1.11452,1.11555,3950,2,0
2024-09-19 20:00:00,1.11554,1.11613,1.11523,1.11606,3341,2,0
2024-09-19 21:00:00,1.1160700000000001,1.11679,1.1160700000000001,1.11655,2908,2,0
2024-09-19 22:00:00,1.11655,1.11667,1.11587,1.11621,2877,2,0
2024-09-19 23:00:00,1.1162,1.11643,1.11604,1.11622,1119,2,0
2024-09-20 00:00:00,1.11613,1.1162,1.11599,1.1162,124,5,0
2024-09-20 01:00:00,1.11615,1.11625,1.11603,1.11608,575,2,0
2024-09-20 02:00:00,1.11609,1.11609,1.11583,1.11594,817,2,0
2024-09-20 03:00:00,1.11594,1.11616,1.11572,1.11604,1828,2,0
2024-09-20 04:00:00,1.11604,1.1164,1.11582,1.11591,2348,2,0
2024-09-20 05:00:00,1.11592,1.11634,1.11572,1.11614,1759,2,0
2024-09-20 06:00:00,1.11613,1.11692,1.11612,1.11656,2274,2,0
2024-09-20 07:00:00,1.11657,1.11679,1.11637,1.11649,1124,2,0
2024-09-20 08:00:00,1.1165,1.11665,1.1161,1.11638,1690,2,0
2024-09-20 09:00:00,1.11644,1.11784,1.11644,1.11764,4532,2,0
2024-09-20 10:00:00,1.11763,1.11819,1.11594,1.11627,5334,2,0
2024-09-20 11:00:00,1.11624,1.11691,1.11523,1.11645,4776,2,0
2024-09-20 12:00:00,1.11645,1.1166,1.1157,1.11608,3137,2,0
2024-09-20 13:00:00,1.1160700000000001,1.11628,1.1155,1.11592,2849,2,0
2024-09-20 14:00:00,1.11592,1.11623,1.1154,1.11614,2820,2,0
2024-09-20 15:00:00,1.11614,1.11768,1.11614,1.11744,4250,2,0
2024-09-20 16:00:00,1.11743,1.11762,1.11539,1.11547,5810,2,0
2024-09-20 17:00:00,1.11546,1.11546,1.11379,1.11438,6252,2,0
2024-09-20 18:00:00,1.11437,1.11594,1.1136,1.11587,7011,2,0
2024-09-20 19:00:00,1.11588,1.11757,1.11588,1.11738,5635,2,0
2024-09-20 20:00:00,1.11736,1.11742,1.11581,1.11594,3552,2,0
2024-09-20 21:00:00,1.11593,1.11661,1.11571,1.11651,3284,2,0
2024-09-20 22:00:00,1.11651,1.1166,1.11616,1.11619,3006,2,0
2024-09-20 23:00:00,1.11619,1.11638,1.1156,1.11629,1756,2,0
2024-09-23 00:00:00,1.11582,1.11638,1.11579,1.11608,307,31,0
2024-09-23 01:00:00,1.11598,1.11647,1.11597,1.11621,750,2,0
2024-09-23 02:00:00,1.11621,1.11639,1.1159,1.1159,1035,2,0
2024-09-23 03:00:00,1.11589,1.11608,1.1156,1.11589,1662,2,0
2024-09-23 04:00:00,1.11587,1.11615,1.11557,1.1159,1841,2,0
2024-09-23 05:00:00,1.11589,1.11636,1.11565,1.11623,1141,2,0
2024-09-23 06:00:00,1.11622,1.11649,1.11609,1.11616,965,2,0
2024-09-23 07:00:00,1.11615,1.1165,1.11599,1.11635,726,2,0
2024-09-23 08:00:00,1.11634,1.11672,1.11613,1.11632,867,2,0
2024-09-23 09:00:00,1.1163,1.11642,1.11551,1.11588,2887,2,0
2024-09-23 10:00:00,1.11587,1.11594,1.10978,1.11014,7289,2,0
2024-09-23 11:00:00,1.11014,1.11018,1.10831,1.10923,5824,2,0
2024-09-23 12:00:00,1.10923,1.11123,1.10921,1.11058,3675,2,0
2024-09-23 13:00:00,1.11058,1.11191,1.11053,1.11131,3268,2,0
2024-09-23 14:00:00,1.11131,1.11257,1.11125,1.11197,3227,2,0
2024-09-23 15:00:00,1.11196,1.11238,1.11084,1.11224,4570,2,0
2024-09-23 16:00:00,1.11224,1.1139000000000001,1.112,1.11293,6191,2,0
2024-09-23 17:00:00,1.11289,1.1143399999999999,1.11151,1.11323,6639,2,0
2024-09-23 18:00:00,1.11324,1.11371,1.11235,1.11302,4610,2,0
2024-09-23 19:00:00,1.11302,1.11302,1.11212,1.11252,4204,2,0
2024-09-23 20:00:00,1.11253,1.11285,1.11201,1.1120700000000001,2737,2,0
2024-09-23 21:00:00,1.11204,1.11239,1.11159,1.11167,2481,2,0
2024-09-23 22:00:00,1.11167,1.11178,1.11118,1.11147,2384,2,0
2024-09-23 23:00:00,1.11148,1.11148,1.11097,1.11119,938,2,0
2024-09-24 00:00:00,1.11115,1.11147,1.11106,1.1111,346,6,0
2024-09-24 01:00:00,1.11122,1.11142,1.11108,1.11109,596,2,0
2024-09-24 02:00:00,1.1111,1.11116,1.11074,1.1111,722,2,0
2024-09-24 03:00:00,1.11109,1.11138,1.11043,1.11057,2161,2,0
2024-09-24 04:00:00,1.11058,1.11112,1.11044,1.11074,2645,2,0
2024-09-24 05:00:00,1.11074,1.11084,1.11033,1.11055,1476,2,0
2024-09-24 06:00:00,1.11055,1.11136,1.11055,1.11126,1609,2,0
2024-09-24 07:00:00,1.11125,1.11178,1.11094,1.11168,1428,2,0
2024-09-24 08:00:00,1.11167,1.11195,1.11138,1.11164,2393,2,0
2024-09-24 09:00:00,1.11156,1.11191,1.11042,1.1115,4019,2,0
2024-09-24 10:00:00,1.11149,1.11323,1.11126,1.11273,4591,2,0
2024-09-24 11:00:00,1.11273,1.11448,1.11264,1.11401,4246,2,0
2024-09-24 12:00:00,1.11401,1.11459,1.11316,1.11356,3088,2,0
2024-09-24 13:00:00,1.11355,1.11412,1.11269,1.11282,3141,2,0
2024-09-24 14:00:00,1.11282,1.11298,1.11219,1.1129,2856,2,0
2024-09-24 15:00:00,1.11291,1.11478,1.11291,1.11409,4370,2,0
2024-09-24 16:00:00,1.11409,1.11443,1.11325,1.11393,5347,2,0
2024-09-24 17:00:00,1.1139000000000001,1.11635,1.11386,1.11507,7501,2,0
2024-09-24 18:00:00,1.11506,1.11562,1.11467,1.11497,4618,2,0
2024-09-24 19:00:00,1.11498,1.11621,1.11493,1.11585,3025,2,0
2024-09-24 20:00:00,1.11585,1.11637,1.11547,1.11626,2488,2,0
2024-09-24 21:00:00,1.11627,1.1167,1.11598,1.11662,2242,2,0
2024-09-24 22:00:00,1.11661,1.11768,1.1165,1.11766,2256,2,0
2024-09-24 23:00:00,1.11766,1.11805,1.1175,1.11805,909,2,0
2024-09-25 00:00:00,1.11796,1.11801,1.11772,1.11789,173,5,0
2024-09-25 01:00:00,1.1179000000000001,1.11889,1.11786,1.11886,743,2,0
2024-09-25 02:00:00,1.11886,1.11911,1.11832,1.11908,1155,2,0
2024-09-25 03:00:00,1.1191,1.11939,1.11873,1.11932,2292,2,0
2024-09-25 04:00:00,1.11933,1.11937,1.1185100000000001,1.11881,2899,2,0
2024-09-25 05:00:00,1.11881,1.11961,1.11876,1.11949,1514,2,0
2024-09-25 06:00:00,1.11949,1.11988,1.11916,1.11981,1284,2,0
2024-09-25 07:00:00,1.11982,1.11987,1.11937,1.11957,1106,2,0
2024-09-25 08:00:00,1.11957,1.11961,1.11922,1.1195599999999999,1478,2,0
2024-09-25 09:00:00,1.1195599999999999,1.11957,1.11869,1.11905,3135,2,0
2024-09-25 10:00:00,1.11905,1.11965,1.11858,1.11918,4285,2,0
2024-09-25 11:00:00,1.11917,1.11955,1.11822,1.11848,3836,2,0
2024-09-25 12:00:00,1.11847,1.11878,1.11781,1.11833,3319,2,0
2024-09-25 13:00:00,1.11833,1.11889,1.11809,1.1187,2976,2,0
2024-09-25 14:00:00,1.1187,1.1197300000000001,1.11831,1.11958,2935,2,0
2024-09-25 15:00:00,1.11959,1.1207799999999999,1.11917,1.11976,4813,2,0
2024-09-25 16:00:00,1.11977,1.1213899999999999,1.11951,1.11951,6342,2,0
2024-09-25 17:00:00,1.11951,1.11955,1.11653,1.11727,5837,2,0
2024-09-25 18:00:00,1.11727,1.11753,1.11417,1.1143,5450,2,0
2024-09-25 19:00:00,1.11429,1.11476,1.11327,1.11344,3844,2,0
2024-09-25 20:00:00,1.11344,1.11379,1.11214,1.11369,3057,2,0
2024-09-25 21:00:00,1.11369,1.11388,1.11326,1.11342,2730,2,0
2024-09-25 22:00:00,1.11341,1.11359,1.11254,1.11259,2218,2,0
2024-09-25 23:00:00,1.1126,1.11319,1.11249,1.11319,1116,2,0
2024-09-26 00:00:00,1.11309,1.11334,1.113,1.11327,754,8,0
2024-09-26 01:00:00,1.11328,1.11331,1.11304,1.1132,709,2,0
2024-09-26 02:00:00,1.11318,1.11324,1.11295,1.11296,847,2,0
2024-09-26 03:00:00,1.11297,1.11371,1.11288,1.11365,1460,2,0
2024-09-26 04:00:00,1.11365,1.11413,1.11316,1.11395,1704,2,0
2024-09-26 05:00:00,1.11395,1.11418,1.1137,1.1141,1333,2,0
2024-09-26 06:00:00,1.1141,1.11453,1.11378,1.11403,1166,2,0
2024-09-26 07:00:00,1.11404,1.11435,1.11377,1.11416,1162,2,0
2024-09-26 08:00:00,1.11415,1.1152,1.11405,1.11499,1842,2,0
2024-09-26 09:00:00,1.1149499999999999,1.11566,1.11469,1.11536,3133,2,0
2024-09-26 10:00:00,1.11534,1.1158,1.11336,1.11348,5053,2,0
2024-09-26 11:00:00,1.11345,1.11435,1.11256,1.11414,4968,2,0
2024-09-26 12:00:00,1.11414,1.11524,1.11414,1.11437,3441,2,0
2024-09-26 13:00:00,1.11437,1.1155,1.11396,1.11539,3841,2,0
2024-09-26 14:00:00,1.11538,1.11615,1.11481,1.1154,3821,2,0
2024-09-26 15:00:00,1.11541,1.11654,1.11374,1.1151,7360,2,0
2024-09-26 16:00:00,1.11509,1.11598,1.11346,1.11401,7802,2,0
2024-09-26 17:00:00,1.114,1.11746,1.11257,1.11648,7837,2,0
2024-09-26 18:00:00,1.11646,1.11892,1.11642,1.11828,5067,2,0
2024-09-26 19:00:00,1.11828,1.11829,1.11662,1.11692,4451,2,0
2024-09-26 20:00:00,1.11691,1.1179999999999999,1.11684,1.11795,3507,2,0
2024-09-26 21:00:00,1.11796,1.11824,1.11731,1.11795,2866,2,0
2024-09-26 22:00:00,1.11796,1.11841,1.11762,1.11777,2264,2,0
2024-09-26 23:00:00,1.11779,1.11787,1.11743,1.1175,1310,2,0
2024-09-27 00:00:00,1.11762,1.11772,1.11731,1.11752,716,5,0
2024-09-27 01:00:00,1.11748,1.11776,1.11747,1.1176,1475,2,0
2024-09-27 02:00:00,1.11761,1.11772,1.11736,1.11768,998,2,0
2024-09-27 03:00:00,1.11769,1.11775,1.1168,1.11692,2526,2,0
2024-09-27 04:00:00,1.1169,1.1172,1.11624,1.11642,2756,2,0
2024-09-27 05:00:00,1.11643,1.11697,1.11625,1.11689,2004,2,0
2024-09-27 06:00:00,1.11689,1.11732,1.11687,1.11691,1652,2,0
2024-09-27 07:00:00,1.1169,1.11696,1.11638,1.11646,1548,2,0
2024-09-27 08:00:00,1.11646,1.11683,1.11584,1.11638,3259,2,0
2024-09-27 09:00:00,1.11637,1.1176,1.11401,1.1151,6478,2,0
2024-09-27 10:00:00,1.11504,1.11504,1.11249,1.1132900000000001,6468,2,0
2024-09-27 11:00:00,1.1132900000000001,1.1145100000000001,1.11263,1.11445,4461,2,0
2024-09-27 12:00:00,1.11444,1.11598,1.11372,1.11594,3827,2,0
2024-09-27 13:00:00,1.11595,1.11709,1.11557,1.11633,3518,2,0
2024-09-27 14:00:00,1.11633,1.11677,1.1159,1.11623,3542,2,0
2024-09-27 15:00:00,1.11624,1.12016,1.1154,1.11997,7049,2,0
2024-09-27 16:00:00,1.11992,1.1203,1.11794,1.11853,7337,2,0
2024-09-27 17:00:00,1.11843,1.11919,1.11691,1.11784,7168,2,0
2024-09-27 18:00:00,1.11784,1.11784,1.11538,1.11584,5158,2,0
2024-09-27 19:00:00,1.11584,1.116,1.11462,1.11516,4300,2,0
2024-09-27 20:00:00,1.11518,1.11657,1.11504,1.11636,3619,2,0
2024-09-27 21:00:00,1.11636,1.1167799999999999,1.11597,1.11677,2896,2,0
2024-09-27 22:00:00,1.11677,1.11679,1.11625,1.11639,2320,2,0
2024-09-27 23:00:00,1.11637,1.1167799999999999,1.1159,1.1159,1195,2,0
2024-09-30 00:00:00,1.11566,1.11606,1.11552,1.11587,653,32,0
2024-09-30 01:00:00,1.11596,1.11724,1.11596,1.11708,1157,2,0
2024-09-30 02:00:00,1.11709,1.11716,1.11675,1.11689,1089,2,0
2024-09-30 03:00:00,1.11689,1.11738,1.11684,1.11709,2433,2,0
2024-09-30 04:00:00,1.11708,1.11726,1.11604,1.11605,2712,2,0
2024-09-30 05:00:00,1.11603,1.11623,1.11564,1.11603,1776,2,0
2024-09-30 06:00:00,1.11605,1.1161699999999999,1.11562,1.11582,1289,2,0
2024-09-30 07:00:00,1.11582,1.1162,1.11582,1.1161699999999999,1226,2,0
2024-09-30 08:00:00,1.1161699999999999,1.11693,1.11613,1.11665,2016,2,0
2024-09-30 09:00:00,1.11665,1.11689,1.1156,1.11681,3153,2,0
2024-09-30 10:00:00,1.11681,1.11754,1.11593,1.1172,3648,2,0
2024-09-30 11:00:00,1.11726,1.1209,1.11726,1.12057,5399,2,0
2024-09-30 12:00:00,1.12057,1.12057,1.11884,1.11895,4311,2,0
2024-09-30 13:00:00,1.11896,1.11911,1.11831,1.119,2907,2,0
2024-09-30 14:00:00,1.119,1.12029,1.11888,1.11978,3147,2,0
2024-09-30 15:00:00,1.11978,1.12012,1.11862,1.11898,3367,2,0
2024-09-30 16:00:00,1.11899,1.1191200000000001,1.11666,1.11685,5732,2,0
2024-09-30 17:00:00,1.11684,1.11686,1.11409,1.11582,7090,2,0
2024-09-30 18:00:00,1.11581,1.11642,1.11349,1.11442,5287,2,0
2024-09-30 19:00:00,1.11446,1.11499,1.11398,1.11483,4039,2,0
2024-09-30 20:00:00,1.11483,1.11625,1.1148,1.11529,2813,2,0
2024-09-30 21:00:00,1.11527,1.11548,1.11137,1.11323,7967,2,0
2024-09-30 22:00:00,1.11321,1.11362,1.11214,1.11327,3396,2,0
2024-09-30 23:00:00,1.11328,1.11364,1.11302,1.11351,1221,2,0
2024-10-01 00:00:00,1.11298,1.11358,1.11272,1.11352,565,5,0
2024-10-01 01:00:00,1.11352,1.11419,1.11345,1.11414,600,2,0
2024-10-01 02:00:00,1.11414,1.11426,1.11355,1.11365,1117,2,0
2024-10-01 03:00:00,1.11365,1.11374,1.1127,1.11322,2348,2,0
2024-10-01 04:00:00,1.11323,1.11433,1.11313,1.1143,2003,2,0
2024-10-01 05:00:00,1.11431,1.11433,1.11359,1.11388,1262,2,0
2024-10-01 06:00:00,1.11389,1.114,1.11353,1.11377,1298,2,0
2024-10-01 07:00:00,1.11377,1.11414,1.11345,1.11405,1178,2,0
2024-10-01 08:00:00,1.11405,1.11441,1.11362,1.11374,1924,2,0
2024-10-01 09:00:00,1.1137299999999999,1.11411,1.11308,1.11345,3628,2,0
2024-10-01 10:00:00,1.11343,1.11369,1.11115,1.1115,6541,2,0
2024-10-01 11:00:00,1.11153,1.11201,1.10979,1.1103,5103,2,0
2024-10-01 12:00:00,1.1103,1.1114600000000001,1.10921,1.10951,4123,2,0
2024-10-01 13:00:00,1.1095,1.10977,1.10838,1.10869,3757,2,0
2024-10-01 14:00:00,1.10869,1.11,1.10785,1.10845,4494,2,0
2024-10-01 15:00:00,1.10845,1.10886,1.107,1.10712,5332,2,0
2024-10-01 16:00:00,1.1071,1.10829,1.10584,1.10689,7587,2,0
2024-10-01 17:00:00,1.10717,1.10867,1.10562,1.10764,8970,2,0
2024-10-01 18:00:00,1.10765,1.10777,1.10599,1.10662,5837,2,0
2024-10-01 19:00:00,1.10662,1.10716,1.10481,1.10544,5268,2,0
2024-10-01 20:00:00,1.10543,1.10651,1.10458,1.10622,5850,2,0
2024-10-01 21:00:00,1.10622,1.10722,1.10622,1.10716,3526,2,0
2024-10-01 22:00:00,1.10717,1.10773,1.10662,1.10675,3288,2,0
2024-10-01 23:00:00,1.10676,1.10728,1.10655,1.10686,1582,2,0
2024-10-02 00:00:00,1.10652,1.10708,1.10652,1.10687,404,8,0
2024-10-02 01:00:00,1.10687,1.10707,1.10671,1.10672,609,2,0
2024-10-02 02:00:00,1.10672,1.10673,1.10634,1.10645,943,2,0
2024-10-02 03:00:00,1.10646,1.10719,1.10634,1.10655,2003,2,0
2024-10-02 04:00:00,1.10656,1.1074,1.10656,1.10722,2012,2,0
2024-10-02 05:00:00,1.10722,1.10732,1.10633,1.10665,1731,2,0
2024-10-02 06:00:00,1.10666,1.10712,1.1064,1.10708,1730,2,0
2024-10-02 07:00:00,1.10708,1.10737,1.10604,1.1063,1698,2,0
2024-10-02 08:00:00,1.10629,1.10636,1.1054,1.10622,2763,2,0
2024-10-02 09:00:00,1.1062,1.10702,1.106,1.10664,3388,2,0
2024-10-02 10:00:00,1.10667,1.10728,1.10632,1.10665,4447,2,0
2024-10-02 11:00:00,1.10665,1.10828,1.1064,1.10724,4000,2,0
2024-10-02 12:00:00,1.10725,1.10725,1.10612,1.10714,3122,2,0
2024-10-02 13:00:00,1.10714,1.10766,1.10665,1.10666,3464,2,0
2024-10-02 14:00:00,1.10673,1.10767,1.10645,1.10755,3467,2,0
2024-10-02 15:00:00,1.10754,1.10773,1.1051,1.10536,5330,2,0
2024-10-02 16:00:00,1.10537,1.10656,1.1047,1.10512,5400,2,0
2024-10-02 17:00:00,1.10511,1.1056300000000001,1.10353,1.10362,6093,2,0
2024-10-02 18:00:00,1.10362,1.10503,1.10326,1.10494,4521,2,0
2024-10-02 19:00:00,1.10496,1.10549,1.10437,1.10466,3295,2,0
2024-10-02 20:00:00,1.10466,1.105,1.10446,1.1047,2661,2,0
2024-10-02 21:00:00,1.1047,1.10484,1.10376,1.10383,2411,2,0
2024-10-02 22:00:00,1.10383,1.10535,1.10367,1.10488,1963,2,0
2024-10-02 23:00:00,1.10489,1.10526,1.10467,1.10479,1320,2,0
2024-10-03 00:00:00,1.10468,1.10482,1.10462,1.10479,545,5,0
2024-10-03 01:00:00,1.10469,1.10494,1.10456,1.10461,822,2,0
2024-10-03 02:00:00,1.10462,1.10478,1.10436,1.10459,923,2,0
2024-10-03 03:00:00,1.10459,1.10466,1.10371,1.10391,2166,2,0
2024-10-03 04:00:00,1.1039,1.10407,1.10351,1.10393,2080,2,0
2024-10-03 05:00:00,1.10392,1.10395,1.10352,1.10359,1539,2,0
2024-10-03 06:00:00,1.10358,1.10369,1.1031900000000001,1.10358,1348,2,0
2024-10-03 07:00:00,1.10356,1.10356,1.10322,1.10329,1184,2,0
2024-10-03 08:00:00,1.1033,1.10348,1.10248,1.10286,2897,2,0
2024-10-03 09:00:00,1.10286,1.10421,1.10264,1.10378,3782,2,0
2024-10-03 10:00:00,1.10378,1.10399,1.10275,1.1033,4846,2,0
2024-10-03 11:00:00,1.1033,1.10462,1.10294,1.10377,4473,2,0
2024-10-03 12:00:00,1.10376,1.10467,1.10346,1.10358,3613,2,0
2024-10-03 13:00:00,1.10356,1.10439,1.10342,1.10428,3089,2,0
2024-10-03 14:00:00,1.10429,1.10461,1.1038000000000001,1.10427,3598,2,0
2024-10-03 15:00:00,1.10426,1.10467,1.10281,1.10322,6287,2,0
2024-10-03 16:00:00,1.1032,1.10437,1.10283,1.10371,6033,2,0
2024-10-03 17:00:00,1.10246,1.10387,1.10082,1.1017,9848,2,0
2024-10-03 18:00:00,1.10171,1.1024,1.1012,1.10145,5740,2,0
2024-10-03 19:00:00,1.1014599999999999,1.10339,1.1014,1.10303,3690,2,0
2024-10-03 20:00:00,1.10303,1.10361,1.10301,1.10328,2984,2,0
2024-10-03 21:00:00,1.10329,1.10347,1.10256,1.1026,2605,2,0
2024-10-03 22:00:00,1.10261,1.1031900000000001,1.10249,1.10283,2079,2,0
2024-10-03 23:00:00,1.10283,1.10297,1.1026,1.10285,1105,2,0
2024-10-04 00:00:00,1.10299,1.10332,1.1029,1.1031900000000001,728,9,0
2024-10-04 01:00:00,1.1031,1.10351,1.10299,1.10343,632,2,0
2024-10-04 02:00:00,1.10343,1.10371,1.10333,1.1035,544,2,0
2024-10-04 03:00:00,1.1035,1.10395,1.1033,1.10347,1869,2,0
2024-10-04 04:00:00,1.10346,1.10361,1.10286,1.10299,2649,2,0
2024-10-04 05:00:00,1.10298,1.10345,1.10279,1.10304,2045,2,0
2024-10-04 06:00:00,1.10304,1.10314,1.10253,1.10271,1588,2,0
2024-10-04 07:00:00,1.1027,1.103,1.10252,1.10278,1234,2,0
2024-10-04 08:00:00,1.10277,1.10352,1.10263,1.10334,1745,2,0
2024-10-04 09:00:00,1.10334,1.10347,1.10271,1.1031900000000001,2967,2,0
2024-10-04 10:00:00,1.1031900000000001,1.10356,1.10254,1.10279,4255,2,0
2024-10-04 11:00:00,1.10278,1.10301,1.1021,1.10254,3490,2,0
2024-10-04 12:00:00,1.10255,1.10281,1.10199,1.10271,3248,2,0
2024-10-04 13:00:00,1.10271,1.10336,1.10261,1.10276,2651,2,0
2024-10-04 14:00:00,1.10274,1.10367,1.1027,1.10324,2735,2,0
2024-10-04 15:00:00,1.1031900000000001,1.10331,1.0959,1.09609,8342,2,0
2024-10-04 16:00:00,1.09608,1.0979,1.09586,1.09731,7920,2,0
2024-10-04 17:00:00,1.09733,1.09817,1.0967,1.09694,6656,2,0
2024-10-04 18:00:00,1.09693,1.09741,1.09548,1.09606,5009,2,0
2024-10-04 19:00:00,1.09606,1.0962,1.09513,1.0959699999999999,3575,2,0
2024-10-04 20:00:00,1.0959699999999999,1.09694,1.09576,1.09679,2375,2,0
2024-10-04 21:00:00,1.09679,1.09739,1.09651,1.09725,1921,2,0
2024-10-04 22:00:00,1.09726,1.09778,1.09707,1.09763,1879,2,0
2024-10-04 23:00:00,1.09763,1.09776,1.09724,1.09757,1544,2,0
2024-10-07 00:00:00,1.09652,1.0971,1.09629,1.09677,743,36,0
2024-10-07 01:00:00,1.09677,1.09718,1.09632,1.09694,1603,2,0
2024-10-07 02:00:00,1.09694,1.09717,1.09678,1.09705,1440,2,0
2024-10-07 03:00:00,1.09704,1.09754,1.09681,1.09699,2325,2,0
2024-10-07 04:00:00,1.09698,1.09777,1.09695,1.09734,2872,2,0
2024-10-07 05:00:00,1.09735,1.09774,1.09713,1.09714,2130,2,0
2024-10-07 06:00:00,1.09713,1.09733,1.09697,1.09721,1613,2,0
2024-10-07 07:00:00,1.09721,1.09737,1.09683,1.09684,987,2,0
2024-10-07 08:00:00,1.09683,1.09703,1.09643,1.09693,1202,2,0
2024-10-07 09:00:00,1.09679,1.09722,1.09634,1.09713,3652,2,0
2024-10-07 10:00:00,1.09713,1.09727,1.0958,1.09694,5005,2,0
2024-10-07 11:00:00,1.09695,1.09789,1.09654,1.09701,4210,2,0
2024-10-07 12:00:00,1.09701,1.09701,1.09542,1.09587,3953,2,0
2024-10-07 13:00:00,1.09587,1.09697,1.0958,1.09651,3528,2,0
2024-10-07 14:00:00,1.0965,1.09806,1.09621,1.09767,3939,2,0
2024-10-07 15:00:00,1.09768,1.09836,1.09716,1.09772,4431,2,0
2024-10-07 16:00:00,1.09771,1.0983,1.09721,1.0979700000000001,5516,2,0
2024-10-07 17:00:00,1.09798,1.09848,1.09696,1.09747,5726,2,0
2024-10-07 18:00:00,1.09747,1.09792,1.09729,1.09759,4235,2,0
2024-10-07 19:00:00,1.09759,1.09847,1.09753,1.09838,2801,2,0
2024-10-07 20:00:00,1.09836,1.09869,1.09811,1.09822,2131,2,0
2024-10-07 21:00:00,1.09822,1.09823,1.09681,1.0969,2585,2,0
2024-10-07 22:00:00,1.09689,1.09727,1.09657,1.09724,2972,2,0
2024-10-07 23:00:00,1.09724,1.09747,1.0971,1.0974,1279,2,0
2024-10-08 00:00:00,1.0974,1.09755,1.097,1.09737,1109,10,0
2024-10-08 01:00:00,1.09737,1.09788,1.09728,1.09784,675,2,0
2024-10-08 02:00:00,1.09784,1.09792,1.09742,1.09743,1013,2,0
2024-10-08 03:00:00,1.09743,1.09839,1.0973600000000001,1.09817,2069,2,0
2024-10-08 04:00:00,1.09817,1.09849,1.09805,1.09837,2919,2,0
2024-10-08 05:00:00,1.09837,1.09846,1.09726,1.09817,4005,2,0
2024-10-08 06:00:00,1.09816,1.09868,1.09816,1.09832,2200,2,0
2024-10-08 07:00:00,1.09832,1.09868,1.09832,1.09854,1287,2,0
2024-10-08 08:00:00,1.09854,1.0987,1.09814,1.09832,2319,2,0
2024-10-08 09:00:00,1.09832,1.09888,1.09813,1.09836,3088,2,0
2024-10-08 10:00:00,1.09836,1.09956,1.09784,1.09953,5014,2,0
2024-10-08 11:00:00,1.09954,1.09971,1.0983,1.09938,3580,2,0
2024-10-08 12:00:00,1.09938,1.09947,1.09855,1.09874,3101,2,0
2024-10-08 13:00:00,1.09874,1.0991900000000001,1.09821,1.09852,2909,2,0
2024-10-08 14:00:00,1.09847,1.09896,1.09785,1.09876,2849,2,0
2024-10-08 15:00:00,1.09874,1.09897,1.09715,1.09759,3913,2,0
2024-10-08 16:00:00,1.09759,1.09839,1.09745,1.09778,5130,2,0
2024-10-08 17:00:00,1.09779,1.09803,1.09664,1.09708,4806,2,0
2024-10-08 18:00:00,1.09709,1.09722,1.09608,1.09698,3800,2,0
2024-10-08 19:00:00,1.09698,1.09779,1.09686,1.09756,2680,2,0
2024-10-08 20:00:00,1.09757,1.09757,1.09657,1.09745,3063,2,0
2024-10-08 21:00:00,1.09745,1.09764,1.09686,1.09723,2036,2,0
2024-10-08 22:00:00,1.09722,1.09781,1.09695,1.09777,2190,2,0
2024-10-08 23:00:00,1.09775,1.09801,1.09766,1.098,1155,2,0
2024-10-09 00:00:00,1.09714,1.09792,1.09706,1.09787,667,8,0
2024-10-09 01:00:00,1.09789,1.09808,1.09782,1.09807,577,2,0
2024-10-09 02:00:00,1.09809,1.0981,1.0975,1.09754,845,2,0
2024-10-09 03:00:00,1.09754,1.09786,1.09737,1.09754,1452,2,0
2024-10-09 04:00:00,1.09754,1.09772,1.09686,1.09737,3065,2,0
2024-10-09 05:00:00,1.09737,1.0974,1.09686,1.09706,2302,2,0
2024-10-09 06:00:00,1.09705,1.09712,1.09667,1.09677,2037,2,0
2024-10-09 07:00:00,1.09677,1.09684,1.0962,1.09632,1344,2,0
2024-10-09 08:00:00,1.09633,1.0976,1.09633,1.09731,4412,2,0
2024-10-09 09:00:00,1.09731,1.09731,1.09623,1.09629,3190,2,0
2024-10-09 10:00:00,1.09628,1.0967,1.0951,1.09603,4401,2,0
2024-10-09 11:00:00,1.09604,1.09643,1.09531,1.09577,3195,2,0
2024-10-09 12:00:00,1.09578,1.09678,1.09569,1.09666,2839,2,0
2024-10-09 13:00:00,1.09666,1.09707,1.09633,1.09656,2359,2,0
2024-10-09 14:00:00,1.09655,1.09668,1.09539,1.0954,2449,2,0
2024-10-09 15:00:00,1.09539,1.09592,1.09526,1.09567,3393,2,0
2024-10-09 16:00:00,1.09567,1.09584,1.09462,1.09532,4091,2,0
2024-10-09 17:00:00,1.09532,1.09598,1.09394,1.09479,4673,2,0
2024-10-09 18:00:00,1.09479,1.09562,1.09468,1.09507,3694,2,0
2024-10-09 19:00:00,1.09506,1.09506,1.09401,1.09415,2617,2,0
2024-10-09 20:00:00,1.09414,1.09423,1.09369,1.09392,2474,2,0
2024-10-09 21:00:00,1.09393,1.09426,1.09362,1.09365,2411,2,0
2024-10-09 22:00:00,1.09365,1.09415,1.09365,1.09385,1696,2,0
2024-10-09 23:00:00,1.09385,1.09409,1.09366,1.094,874,2,0
2024-10-10 00:00:00,1.09379,1.0942,1.09377,1.09416,930,6,0
2024-10-10 01:00:00,1.09416,1.09428,1.09379,1.09407,802,2,0
2024-10-10 02:00:00,1.09407,1.09423,1.09389,1.09415,706,2,0
2024-10-10 03:00:00,1.09414,1.09429,1.09392,1.09405,1835,2,0
2024-10-10 04:00:00,1.09404,1.0946,1.09398,1.09429,2462,2,0
2024-10-10 05:00:00,1.09429,1.09454,1.09389,1.09419,2084,2,0
2024-10-10 06:00:00,1.09419,1.09459,1.09414,1.09435,1276,2,0
2024-10-10 07:00:00,1.09435,1.09446,1.09383,1.09409,1016,2,0
2024-10-10 08:00:00,1.0941,1.09424,1.09369,1.0939,1649,2,0
2024-10-10 09:00:00,1.0939,1.09432,1.09364,1.09368,2590,2,0
2024-10-10 10:00:00,1.09368,1.0943100000000001,1.09331,1.09375,3442,2,0
2024-10-10 11:00:00,1.09378,1.09392,1.09282,1.0933,2936,2,0
2024-10-10 12:00:00,1.0933,1.09339,1.09278,1.09335,2136,2,0
2024-10-10 13:00:00,1.09335,1.09397,1.09308,1.09391,2141,2,0
2024-10-10 14:00:00,1.09391,1.09395,1.09271,1.0930900000000001,2884,2,0
2024-10-10 15:00:00,1.0931,1.09548,1.0907,1.0944,8731,2,0
2024-10-10 16:00:00,1.09439,1.09497,1.09343,1.09373,8242,2,0
2024-10-10 17:00:00,1.09373,1.09422,1.0913599999999999,1.09223,7253,2,0
2024-10-10 18:00:00,1.09223,1.09298,1.09164,1.0924800000000001,4716,2,0
2024-10-10 19:00:00,1.0924800000000001,1.09282,1.0903,1.0906,4185,2,0
2024-10-10 20:00:00,1.09061,1.09206,1.09,1.0919,4423,2,0
2024-10-10 21:00:00,1.09191,1.09268,1.09181,1.0922,2663,2,0
2024-10-10 22:00:00,1.09219,1.09346,1.0921,1.09343,2346,2,0
2024-10-10 23:00:00,1.09343,1.09376,1.09338,1.09364,936,2,0
2024-10-11 00:00:00,1.09327,1.0937000000000001,1.09302,1.09352,516,6,0
2024-10-11 01:00:00,1.09353,1.09361,1.09329,1.0934,666,2,0
2024-10-11 02:00:00,1.0934,1.09344,1.09324,1.09335,689,2,0
2024-10-11 03:00:00,1.09334,1.09379,1.0932,1.09373,1600,2,0
2024-10-11 04:00:00,1.09374,1.09379,1.09294,1.0931899999999999,1904,2,0
2024-10-11 05:00:00,1.09318,1.09377,1.0930900000000001,1.09368,1208,2,0
2024-10-11 06:00:00,1.09368,1.09407,1.09362,1.09395,1124,2,0
2024-10-11 07:00:00,1.09396,1.09407,1.09352,1.09356,955,2,0
2024-10-11 08:00:00,1.09356,1.09378,1.09325,1.09354,859,2,0
2024-10-11 09:00:00,1.09351,1.09406,1.09324,1.094,2464,2,0
2024-10-11 10:00:00,1.094,1.09454,1.09322,1.09445,2867,2,0
2024-10-11 11:00:00,1.09446,1.09538,1.09416,1.09495,2396,2,0
2024-10-11 12:00:00,1.09494,1.0951,1.0937999999999999,1.09388,2196,2,0
2024-10-11 13:00:00,1.09387,1.09394,1.0930900000000001,1.09351,2174,2,0
2024-10-11 14:00:00,1.0935,1.09361,1.09273,1.09308,2318,2,0
2024-10-11 15:00:00,1.09308,1.09506,1.0926,1.09331,5327,2,0
2024-10-11 16:00:00,1.09329,1.09404,1.0928,1.09376,4645,2,0
2024-10-11 17:00:00,1.09378,1.0949200000000001,1.09337,1.09428,5443,2,0
2024-10-11 18:00:00,1.09427,1.09524,1.09411,1.09413,3200,2,0
2024-10-11 19:00:00,1.09413,1.09474,1.09402,1.09448,1805,2,0
2024-10-11 20:00:00,1.09449,1.09474,1.09426,1.09433,1773,2,0
2024-10-11 21:00:00,1.09432,1.09461,1.09387,1.0939,1300,2,0
2024-10-11 22:00:00,1.09391,1.09394,1.09331,1.09332,1235,2,0
2024-10-11 23:00:00,1.09331,1.09382,1.09324,1.09354,940,2,0
2024-10-14 00:00:00,1.09301,1.0931899999999999,1.09301,1.0930900000000001,404,38,0
2024-10-14 01:00:00,1.09325,1.09336,1.09269,1.09271,936,2,0
2024-10-14 02:00:00,1.09271,1.09284,1.09221,1.0923,901,2,0
2024-10-14 03:00:00,1.0923,1.09244,1.0915300000000001,1.09214,1754,2,0
2024-10-14 04:00:00,1.09213,1.09254,1.09179,1.09233,2339,2,0
2024-10-14 05:00:00,1.09233,1.09268,1.09183,1.09247,1961,2,0
2024-10-14 06:00:00,1.09247,1.09292,1.09234,1.09256,1163,2,0
2024-10-14 07:00:00,1.09256,1.0925799999999999,1.09233,1.09237,426,2,0
2024-10-14 08:00:00,1.09238,1.09264,1.09223,1.0926,1064,2,0
2024-10-14 09:00:00,1.0926,1.09304,1.0924800000000001,1.09251,1958,2,0
2024-10-14 10:00:00,1.0925,1.09312,1.09239,1.09283,2872,2,0
2024-10-14 11:00:00,1.09282,1.09316,1.09236,1.0927,2938,2,0
2024-10-14 12:00:00,1.0927,1.09367,1.09267,1.09289,1879,2,0
2024-10-14 13:00:00,1.09289,1.09301,1.0922,1.09227,2017,2,0
2024-10-14 14:00:00,1.09227,1.09246,1.0909200000000001,1.09127,2542,2,0
2024-10-14 15:00:00,1.09126,1.09168,1.09072,1.09094,3392,2,0
2024-10-14 16:00:00,1.09094,1.09273,1.09046,1.09191,4396,2,0
2024-10-14 17:00:00,1.0919,1.0919,1.09049,1.09149,4799,2,0
2024-10-14 18:00:00,1.09149,1.09164,1.09047,1.09068,2640,2,0
2024-10-14 19:00:00,1.0907,1.09085,1.09007,1.09016,1661,2,0
2024-10-14 20:00:00,1.09015,1.09043,1.08973,1.0904,1290,2,0
2024-10-14 21:00:00,1.09041,1.0905,1.0895,1.08971,1193,2,0
2024-10-14 22:00:00,1.08972,1.0906,1.0888,1.09038,2613,2,0
2024-10-14 23:00:00,1.09037,1.09089,1.09028,1.09084,750,2,0
2024-10-15 00:00:00,1.09057,1.09084,1.09054,1.09081,309,10,0
2024-10-15 01:00:00,1.09079,1.09096,1.09048,1.09085,552,2,0
2024-10-15 02:00:00,1.09086,1.09105,1.09066,1.09088,813,2,0
2024-10-15 03:00:00,1.09088,1.09098,1.0904,1.09073,1878,2,0
2024-10-15 04:00:00,1.09071,1.09087,1.09048,1.09071,1407,2,0
2024-10-15 05:00:00,1.09072,1.09088,1.09003,1.0902,1753,2,0
2024-10-15 06:00:00,1.0902,1.09029,1.08956,1.08965,1424,2,0
2024-10-15 07:00:00,1.08964,1.08964,1.08916,1.08929,1223,2,0
2024-10-15 08:00:00,1.0893,1.0893,1.08881,1.08916,1881,2,0
2024-10-15 09:00:00,1.08916,1.08958,1.08849,1.08926,3215,2,0
2024-10-15 10:00:00,1.08925,1.08987,1.0884800000000001,1.08986,3930,2,0
2024-10-15 11:00:00,1.08987,1.09162,1.0897000000000001,1.09104,3159,2,0
2024-10-15 12:00:00,1.09105,1.09146,1.0906,1.09137,3054,2,0
2024-10-15 13:00:00,1.09137,1.09151,1.09026,1.09026,2690,2,0
2024-10-15 14:00:00,1.09026,1.09091,1.08971,1.09011,3042,2,0
2024-10-15 15:00:00,1.09013,1.09126,1.08994,1.091,4221,2,0
2024-10-15 16:00:00,1.091,1.09168,1.09084,1.09097,4771,2,0
2024-10-15 17:00:00,1.09097,1.09117,1.08988,1.09025,5141,2,0
2024-10-15 18:00:00,1.09027,1.09072,1.08984,1.08989,3884,2,0
2024-10-15 19:00:00,1.08989,1.09024,1.08893,1.08894,2338,2,0
2024-10-15 20:00:00,1.08894,1.08903,1.08818,1.0885,2342,2,0
2024-10-15 21:00:00,1.08851,1.08904,1.08839,1.08872,2196,2,0
2024-10-15 22:00:00,1.08871,1.089,1.08858,1.08867,2839,2,0
2024-10-15 23:00:00,1.08867,1.0892,1.08856,1.0892,991,2,0
2024-10-16 00:00:00,1.089,1.08924,1.08899,1.08922,197,6,0
2024-10-16 01:00:00,1.08933,1.08933,1.08877,1.08895,529,2,0
2024-10-16 02:00:00,1.08897,1.08902,1.0883,1.08832,936,2,0
2024-10-16 03:00:00,1.0883099999999999,1.08868,1.08821,1.08854,1692,2,0
2024-10-16 04:00:00,1.08855,1.08921,1.08842,1.08918,2393,2,0
2024-10-16 05:00:00,1.08919,1.08933,1.08885,1.08927,1585,2,0
2024-10-16 06:00:00,1.08927,1.08957,1.08906,1.0890900000000001,1536,2,0
2024-10-16 07:00:00,1.08908,1.08931,1.08876,1.08893,858,2,0
2024-10-16 08:00:00,1.08893,1.08902,1.08865,1.08879,1445,2,0
2024-10-16 09:00:00,1.0889199999999999,1.08893,1.08761,1.08778,4533,2,0
2024-10-16 10:00:00,1.08776,1.08854,1.08751,1.08821,3816,2,0
2024-10-16 11:00:00,1.08821,1.08844,1.08777,1.08832,3243,2,0
2024-10-16 12:00:00,1.08832,1.08972,1.08824,1.08946,3228,2,0
2024-10-16 13:00:00,1.08947,1.08954,1.08893,1.089,2122,2,0
2024-10-16 14:00:00,1.08899,1.08957,1.08868,1.08944,2649,2,0
2024-10-16 15:00:00,1.08944,1.09015,1.08863,1.08888,3321,2,0
2024-10-16 16:00:00,1.08888,1.08974,1.0885,1.089,4148,2,0
2024-10-16 17:00:00,1.08901,1.08907,1.08713,1.08797,4601,2,0
2024-10-16 18:00:00,1.08797,1.088,1.0866,1.08723,3509,2,0
2024-10-16 19:00:00,1.08723,1.08766,1.08668,1.08682,2205,2,0
2024-10-16 20:00:00,1.08682,1.08684,1.08615,1.08621,1934,2,0
2024-10-16 21:00:00,1.08621,1.08629,1.08552,1.08556,2031,2,0
2024-10-16 22:00:00,1.08557,1.08603,1.08531,1.08577,1869,2,0
2024-10-16 23:00:00,1.08576,1.08627,1.08572,1.08622,1080,2,0
2024-10-17 00:00:00,1.08588,1.08699,1.08573,1.08622,1123,5,0
2024-10-17 01:00:00,1.08615,1.08639,1.08574,1.08586,637,2,0
2024-10-17 02:00:00,1.08586,1.08596,1.08563,1.08588,851,2,0
2024-10-17 03:00:00,1.08588,1.08642,1.08577,1.08632,2096,2,0
2024-10-17 04:00:00,1.08632,1.08638,1.08591,1.08625,2553,2,0
2024-10-17 05:00:00,1.08625,1.0865,1.0859,1.08618,2183,2,0
2024-10-17 06:00:00,1.08618,1.08621,1.08512,1.0853,1330,2,0
2024-10-17 07:00:00,1.08529,1.08555,1.08523,1.08532,932,2,0
2024-10-17 08:00:00,1.08532,1.08555,1.08524,1.08544,1686,2,0
2024-10-17 09:00:00,1.08537,1.08583,1.08497,1.08507,2327,2,0
2024-10-17 10:00:00,1.08507,1.08577,1.08489,1.08546,3316,2,0
2024-10-17 11:00:00,1.08546,1.08568,1.0849,1.08517,2773,2,0
2024-10-17 12:00:00,1.08517,1.0864,1.08502,1.08587,2534,2,0
2024-10-17 13:00:00,1.08587,1.0865,1.08581,1.08642,2440,2,0
2024-10-17 14:00:00,1.08642,1.08674,1.0863,1.08631,2268,2,0
2024-10-17 15:00:00,1.0863,1.0873599999999999,1.08333,1.08428,7043,2,0
2024-10-17 16:00:00,1.08429,1.08446,1.08109,1.08332,7357,2,0
2024-10-17 17:00:00,1.08332,1.0835,1.0814,1.08286,6339,2,0
2024-10-17 18:00:00,1.08288,1.08408,1.08244,1.08365,4267,2,0
2024-10-17 19:00:00,1.08365,1.0836999999999999,1.08223,1.0824799999999999,2702,2,0
2024-10-17 20:00:00,1.0824799999999999,1.08282,1.08209,1.08256,1660,2,0
2024-10-17 21:00:00,1.08256,1.0832,1.08244,1.08249,2016,2,0
2024-10-17 22:00:00,1.0824799999999999,1.08286,1.08234,1.08279,1825,2,0
2024-10-17 23:00:00,1.08278,1.0830899999999999,1.08268,1.08305,1002,2,0
2024-10-18 00:00:00,1.08284,1.08321,1.0828,1.08321,492,10,0
2024-10-18 01:00:00,1.08319,1.08332,1.08289,1.08289,596,2,0
2024-10-18 02:00:00,1.0829,1.08301,1.08253,1.0829,625,2,0
2024-10-18 03:00:00,1.08291,1.08323,1.08274,1.08289,2208,2,0
2024-10-18 04:00:00,1.08289,1.08363,1.08274,1.08351,2461,2,0
2024-10-18 05:00:00,1.08352,1.08397,1.08332,1.08389,1842,2,0
2024-10-18 06:00:00,1.08388,1.08397,1.0836999999999999,1.08386,1720,2,0
2024-10-18 07:00:00,1.0838700000000001,1.08406,1.08382,1.08405,953,2,0
2024-10-18 08:00:00,1.08405,1.0844,1.08384,1.08433,1771,2,0
2024-10-18 09:00:00,1.08422,1.08487,1.08381,1.08443,3361,2,0
2024-10-18 10:00:00,1.08442,1.08442,1.08369,1.08409,3375,2,0
2024-10-18 11:00:00,1.0841,1.08468,1.08345,1.08379,2840,2,0
2024-10-18 12:00:00,1.08378,1.08456,1.08341,1.08443,2763,2,0
2024-10-18 13:00:00,1.08443,1.08489,1.0838,1.08451,2425,2,0
2024-10-18 14:00:00,1.08451,1.08519,1.08418,1.08483,2565,2,0
2024-10-18 15:00:00,1.08483,1.08601,1.08465,1.08593,3538,2,0
2024-10-18 16:00:00,1.08593,1.08633,1.08511,1.08568,3594,2,0
2024-10-18 17:00:00,1.08569,1.08645,1.08549,1.08571,3844,2,0
2024-10-18 18:00:00,1.08571,1.08602,1.0853,1.08534,2893,2,0
2024-10-18 19:00:00,1.08534,1.08682,1.08528,1.08666,2064,2,0
2024-10-18 20:00:00,1.08666,1.08666,1.0859,1.08619,1920,2,0
2024-10-18 21:00:00,1.08618,1.08679,1.08615,1.08654,1897,2,0
2024-10-18 22:00:00,1.08654,1.08659,1.08622,1.08638,2410,2,0
2024-10-18 23:00:00,1.08637,1.08696,1.08629,1.08674,1140,2,0
2024-10-21 00:00:00,1.08602,1.08653,1.08596,1.0865,281,35,0
2024-10-21 01:00:00,1.0866500000000001,1.08719,1.0865,1.08691,899,2,0
2024-10-21 02:00:00,1.08691,1.08698,1.08653,1.08682,1218,2,0
2024-10-21 03:00:00,1.08681,1.08689,1.08639,1.08648,1951,2,0
2024-10-21 04:00:00,1.08648,1.08682,1.08636,1.08651,2572,2,0
2024-10-21 05:00:00,1.08652,1.08673,1.0864,1.08645,2187,2,0
2024-10-21 06:00:00,1.08644,1.08679,1.08642,1.08662,1638,2,0
2024-10-21 07:00:00,1.08661,1.08663,1.08583,1.08586,1333,2,0
2024-10-21 08:00:00,1.08586,1.08635,1.08586,1.08598,1776,2,0
2024-10-21 09:00:00,1.08597,1.08597,1.08495,1.08523,2533,2,0
2024-10-21 10:00:00,1.08524,1.08571,1.08462,1.08481,2839,2,0
2024-10-21 11:00:00,1.08481,1.08579,1.08481,1.08552,2420,2,0
2024-10-21 12:00:00,1.08552,1.08583,1.08464,1.08466,2278,2,0
2024-10-21 13:00:00,1.08465,1.08494,1.08445,1.08474,2258,2,0
2024-10-21 14:00:00,1.08474,1.08563,1.08466,1.08557,2198,2,0
2024-10-21 15:00:00,1.08556,1.0859,1.08511,1.08574,3202,2,0
2024-10-21 16:00:00,1.08574,1.0858,1.08438,1.08474,3385,2,0
2024-10-21 17:00:00,1.08474,1.08487,1.08331,1.08348,3776,2,0
2024-10-21 18:00:00,1.08348,1.0835,1.08198,1.082,3537,2,0
2024-10-21 19:00:00,1.082,1.08228,1.0817,1.08185,2366,2,0
2024-10-21 20:00:00,1.08185,1.0823,1.08154,1.08161,2198,2,0
2024-10-21 21:00:00,1.0816,1.08172,1.08109,1.08115,2174,2,0
2024-10-21 22:00:00,1.08116,1.08153,1.08111,1.08153,1689,2,0
2024-10-21 23:00:00,1.08152,1.08167,1.08123,1.08131,1457,2,0
2024-10-22 00:00:00,1.08154,1.08172,1.08133,1.08154,628,7,0
2024-10-22 01:00:00,1.08157,1.08177,1.08151,1.08155,867,2,0
2024-10-22 02:00:00,1.08155,1.08166,1.0814,1.08155,1095,2,0
2024-10-22 03:00:00,1.08153,1.08183,1.08142,1.08162,1973,2,0
2024-10-22 04:00:00,1.08162,1.08208,1.0816,1.0819,2390,2,0
2024-10-22 05:00:00,1.08189,1.08214,1.0815,1.08156,1920,2,0
2024-10-22 06:00:00,1.08156,1.08192,1.0815,1.08192,1576,2,0
2024-10-22 07:00:00,1.08192,1.08209,1.08181,1.0820400000000001,1460,2,0
2024-10-22 08:00:00,1.08203,1.08236,1.08192,1.08192,1942,2,0
2024-10-22 09:00:00,1.0818699999999999,1.08288,1.0818,1.08255,2599,2,0
2024-10-22 10:00:00,1.08251,1.0838,1.08207,1.08365,3456,2,0
2024-10-22 11:00:00,1.08364,1.0836999999999999,1.08258,1.08269,2682,2,0
2024-10-22 12:00:00,1.08269,1.08306,1.08145,1.08158,2719,2,0
2024-10-22 13:00:00,1.08157,1.08293,1.0814300000000001,1.08286,2823,2,0
2024-10-22 14:00:00,1.08286,1.0829,1.08149,1.08176,2597,2,0
2024-10-22 15:00:00,1.08175,1.08216,1.08111,1.08117,3543,2,0
2024-10-22 16:00:00,1.08116,1.08184,1.08013,1.08072,5323,2,0
2024-10-22 17:00:00,1.08072,1.08133,1.08009,1.08096,4669,2,0
2024-10-22 18:00:00,1.08096,1.08154,1.0804,1.08046,3254,2,0
2024-10-22 19:00:00,1.08045,1.0814300000000001,1.08031,1.08076,2235,2,0
2024-10-22 20:00:00,1.08076,1.08088,1.08013,1.08028,2268,2,0
2024-10-22 21:00:00,1.08027,1.0804,1.07997,1.07998,1288,2,0
2024-10-22 22:00:00,1.07997,1.08018,1.07939,1.07948,1948,2,0
2024-10-22 23:00:00,1.07947,1.07989,1.07926,1.07983,1176,2,0
2024-10-23 00:00:00,1.07964,1.07987,1.07955,1.07985,410,10,0
2024-10-23 01:00:00,1.07979,1.08002,1.07968,1.07984,538,2,0
2024-10-23 02:00:00,1.07984,1.07985,1.07962,1.07963,578,2,0
2024-10-23 03:00:00,1.07963,1.08007,1.07921,1.07951,1717,2,0
2024-10-23 04:00:00,1.07952,1.07984,1.07936,1.07949,2448,2,0
2024-10-23 05:00:00,1.07947,1.08053,1.07947,1.08045,2184,2,0
2024-10-23 06:00:00,1.08046,1.08053,1.07986,1.08023,1716,2,0
2024-10-23 07:00:00,1.08022,1.08028,1.07994,1.0802100000000001,1713,2,0
2024-10-23 08:00:00,1.08022,1.08067,1.0802100000000001,1.08067,2227,2,0
2024-10-23 09:00:00,1.08062,1.08063,1.07924,1.07925,2857,2,0
2024-10-23 10:00:00,1.07924,1.07924,1.07806,1.07817,3843,2,0
2024-10-23 11:00:00,1.07816,1.07915,1.07792,1.07881,3123,2,0
2024-10-23 12:00:00,1.07881,1.07893,1.07813,1.07823,2873,2,0
2024-10-23 13:00:00,1.07822,1.07833,1.07773,1.07775,2525,2,0
2024-10-23 14:00:00,1.07775,1.07799,1.0763,1.07631,3039,2,0
2024-10-23 15:00:00,1.07631,1.07749,1.07612,1.07743,4141,2,0
2024-10-23 16:00:00,1.07743,1.07831,1.07694,1.0775,4000,2,0
2024-10-23 17:00:00,1.0775,1.07824,1.07708,1.07745,4628,2,0
2024-10-23 18:00:00,1.07745,1.07862,1.0774,1.07788,3434,2,0
2024-10-23 19:00:00,1.07788,1.0779,1.07706,1.07731,2809,2,0
2024-10-23 20:00:00,1.07729,1.07747,1.07671,1.07687,2676,2,0
2024-10-23 21:00:00,1.07684,1.07824,1.07683,1.07805,2877,2,0
2024-10-23 22:00:00,1.07805,1.07865,1.07799,1.07857,2103,2,0
2024-10-23 23:00:00,1.07858,1.07863,1.07821,1.07837,1377,2,0
2024-10-24 00:00:00,1.07822,1.07839,1.07818,1.07825,214,6,0
2024-10-24 01:00:00,1.07825,1.07833,1.07801,1.07821,569,2,0
2024-10-24 02:00:00,1.07822,1.07847,1.07792,1.07805,855,2,0
2024-10-24 03:00:00,1.07806,1.0789900000000001,1.07797,1.07887,2780,2,0
2024-10-24 04:00:00,1.07887,1.07892,1.07819,1.07831,2529,2,0
2024-10-24 05:00:00,1.0783,1.07889,1.07812,1.07875,1838,2,0
2024-10-24 06:00:00,1.07876,1.0789,1.0785,1.0787,1099,2,0
2024-10-24 07:00:00,1.07869,1.07936,1.07868,1.0793,1323,2,0
2024-10-24 08:00:00,1.07931,1.07932,1.07884,1.07887,1955,2,0
2024-10-24 09:00:00,1.07886,1.07907,1.07816,1.07834,3326,2,0
2024-10-24 10:00:00,1.07833,1.07987,1.07705,1.07956,5671,2,0
2024-10-24 11:00:00,1.07954,1.08081,1.07954,1.08032,4660,2,0
2024-10-24 12:00:00,1.08031,1.08052,1.07954,1.07969,2830,2,0
2024-10-24 13:00:00,1.07969,1.08042,1.0796000000000001,1.07989,2362,2,0
2024-10-24 14:00:00,1.07988,1.08029,1.07919,1.07952,2835,2,0
2024-10-24 15:00:00,1.07952,1.0804,1.07884,1.07965,5403,2,0
2024-10-24 16:00:00,1.07966,1.08111,1.07949,1.08001,5210,2,0
2024-10-24 17:00:00,1.08003,1.08108,1.07969,1.07979,5281,2,0
2024-10-24 18:00:00,1.07979,1.08055,1.07964,1.08049,3391,2,0
2024-10-24 19:00:00,1.08049,1.0811,1.08026,1.08108,2737,2,0
2024-10-24 20:00:00,1.08107,1.08244,1.08105,1.08206,2323,2,0
2024-10-24 21:00:00,1.08206,1.08259,1.08177,1.08227,2181,2,0
2024-10-24 22:00:00,1.08228,1.0829,1.0821,1.08289,1843,2,0
2024-10-24 23:00:00,1.08289,1.08298,1.0827,1.08281,1175,2,0
2024-10-25 00:00:00,1.08258,1.08283,1.08255,1.08281,371,5,0
2024-10-25 01:00:00,1.08282,1.08286,1.08241,1.08243,530,2,0
2024-10-25 02:00:00,1.08242,1.08246,1.08226,1.08238,826,2,0
2024-10-25 03:00:00,1.08238,1.0825,1.08199,1.08216,2050,2,0
2024-10-25 04:00:00,1.08217,1.0824799999999999,1.082,1.08235,1992,2,0
2024-10-25 05:00:00,1.08235,1.08275,1.08227,1.0826,1613,2,0
2024-10-25 06:00:00,1.08259,1.08259,1.08201,1.08217,1328,2,0
2024-10-25 07:00:00,1.08217,1.08231,1.0820400000000001,1.0822,1481,2,0
2024-10-25 08:00:00,1.0822,1.08255,1.08208,1.08216,1767,2,0
2024-10-25 09:00:00,1.08216,1.08226,1.08144,1.08157,2435,2,0
2024-10-25 10:00:00,1.08157,1.08272,1.08136,1.08242,3334,2,0
2024-10-25 11:00:00,1.08241,1.08372,1.08215,1.08238,3675,2,0
2024-10-25 12:00:00,1.08238,1.08272,1.0822,1.08226,2306,2,0
2024-10-25 13:00:00,1.08225,1.08276,1.08223,1.08242,1848,2,0
2024-10-25 14:00:00,1.08241,1.0829,1.08213,1.08214,2370,2,0
2024-10-25 15:00:00,1.08213,1.08393,1.08209,1.08385,3536,2,0
2024-10-25 16:00:00,1.08384,1.08386,1.08255,1.08342,3761,2,0
2024-10-25 17:00:00,1.08342,1.08375,1.08267,1.08308,4696,2,0
2024-10-25 18:00:00,1.08307,1.08348,1.08107,1.08121,3620,2,0
2024-10-25 19:00:00,1.08121,1.08121,1.08024,1.08051,2497,2,0
2024-10-25 20:00:00,1.08051,1.08066,1.0802,1.08032,1952,2,0
2024-10-25 21:00:00,1.08032,1.08046,1.07988,1.08028,2113,2,0
2024-10-25 22:00:00,1.08029,1.08029,1.07929,1.07957,2312,2,0
2024-10-25 23:00:00,1.07958,1.07973,1.07946,1.07947,1146,2,0
2024-10-28 00:00:00,1.07913,1.07942,1.07869,1.07932,701,32,0
2024-10-28 01:00:00,1.07934,1.07983,1.07864,1.07958,1827,2,0
2024-10-28 02:00:00,1.07959,1.08016,1.0794,1.0796000000000001,1554,2,0
2024-10-28 03:00:00,1.0796000000000001,1.08013,1.07939,1.07942,2740,2,0
2024-10-28 04:00:00,1.07942,1.0796000000000001,1.07902,1.07911,2999,2,0
2024-10-28 05:00:00,1.0791,1.07957,1.07857,1.07884,2101,2,0
2024-10-28 06:00:00,1.07884,1.07898,1.07821,1.07829,1496,2,0
2024-10-28 07:00:00,1.07829,1.07891,1.07827,1.07877,1536,2,0
2024-10-28 08:00:00,1.07877,1.07884,1.0782,1.07878,1721,2,0
2024-10-28 09:00:00,1.07877,1.07966,1.07862,1.07941,2270,2,0
2024-10-28 10:00:00,1.0794,1.08055,1.07931,1.0804,2641,2,0
2024-10-28 11:00:00,1.0804,1.08214,1.08009,1.08192,3997,2,0
2024-10-28 12:00:00,1.08191,1.082,1.08084,1.08131,3089,2,0
2024-10-28 13:00:00,1.08131,1.08195,1.08109,1.08166,3183,2,0
2024-10-28 14:00:00,1.08166,1.08199,1.08151,1.08195,2130,2,0
2024-10-28 15:00:00,1.08194,1.08261,1.08131,1.08154,3326,2,0
2024-10-28 16:00:00,1.08155,1.08225,1.0814,1.08203,3827,2,0
2024-10-28 17:00:00,1.0820400000000001,1.08276,1.08151,1.08242,3596,2,0
2024-10-28 18:00:00,1.08241,1.08252,1.08135,1.0818699999999999,3866,2,0
2024-10-28 19:00:00,1.0818699999999999,1.08262,1.08145,1.08154,2847,2,0
2024-10-28 20:00:00,1.08154,1.0818,1.0813,1.08136,2209,2,0
2024-10-28 21:00:00,1.08135,1.08149,1.08098,1.08119,2092,2,0
2024-10-28 22:00:00,1.08117,1.0819,1.08111,1.08152,2035,2,0
2024-10-28 23:00:00,1.08153,1.08175,1.0812599999999999,1.08127,886,2,0
2024-10-29 00:00:00,1.08138,1.0814,1.08111,1.08138,414,14,0
2024-10-29 01:00:00,1.08138,1.0815,1.08111,1.08125,567,2,0
2024-10-29 02:00:00,1.08125,1.08176,1.08107,1.08176,596,2,0
2024-10-29 03:00:00,1.08175,1.08194,1.08129,1.08158,1868,2,0
2024-10-29 04:00:00,1.08157,1.0817,1.08116,1.08158,2422,2,0
2024-10-29 05:00:00,1.08158,1.08181,1.08114,1.08123,1998,2,0
2024-10-29 06:00:00,1.08121,1.08135,1.08061,1.0808,1666,2,0
2024-10-29 07:00:00,1.0808,1.0809,1.08066,1.08088,1180,2,0
2024-10-29 08:00:00,1.08089,1.08134,1.08086,1.08111,1479,2,0
2024-10-29 09:00:00,1.08111,1.08139,1.08066,1.08114,1707,2,0
2024-10-29 10:00:00,1.08114,1.08161,1.08055,1.08094,2476,2,0
2024-10-29 11:00:00,1.08094,1.0820400000000001,1.08094,1.08185,4196,2,0
2024-10-29 12:00:00,1.08184,1.08262,1.0813,1.08178,3135,2,0
2024-10-29 13:00:00,1.08178,1.08208,1.08033,1.08055,3313,2,0
2024-10-29 14:00:00,1.08055,1.08058,1.07966,1.07991,3368,2,0
2024-10-29 15:00:00,1.07992,1.07995,1.0772,1.07774,4630,2,0
2024-10-29 16:00:00,1.07774,1.0791,1.07688,1.07876,5380,2,0
2024-10-29 17:00:00,1.07876,1.08121,1.07876,1.08004,7962,2,0
2024-10-29 18:00:00,1.08005,1.08012,1.07851,1.07976,5770,2,0
2024-10-29 19:00:00,1.07976,1.08076,1.07922,1.0799,3837,2,0
2024-10-29 20:00:00,1.07988,1.08111,1.0798,1.08056,3845,2,0
2024-10-29 21:00:00,1.08056,1.08163,1.0803,1.08133,2557,2,0
2024-10-29 22:00:00,1.08134,1.08153,1.08107,1.08139,2399,2,0
2024-10-29 23:00:00,1.08139,1.08182,1.08129,1.08174,1214,2,0
2024-10-30 00:00:00,1.08135,1.08162,1.08129,1.08147,485,12,0
2024-10-30 01:00:00,1.08155,1.08216,1.08148,1.082,636,2,0
2024-10-30 02:00:00,1.08201,1.08219,1.08179,1.08198,1032,2,0
2024-10-30 03:00:00,1.08197,1.08261,1.08195,1.08218,1898,2,0
2024-10-30 04:00:00,1.08218,1.08258,1.082,1.08215,2492,2,0
2024-10-30 05:00:00,1.08213,1.08215,1.08172,1.08181,2186,2,0
2024-10-30 06:00:00,1.08182,1.08182,1.08135,1.0814,1954,2,0
2024-10-30 07:00:00,1.0814,1.08179,1.0813,1.08167,1233,2,0
2024-10-30 08:00:00,1.08166,1.08169,1.08139,1.08157,1341,2,0
2024-10-30 09:00:00,1.08156,1.08263,1.08156,1.08235,1912,2,0
2024-10-30 10:00:00,1.08235,1.0824,1.08158,1.0819,2256,2,0
2024-10-30 11:00:00,1.0819,1.08446,1.0819,1.08346,4443,2,0
2024-10-30 12:00:00,1.08347,1.08593,1.08327,1.08398,5098,2,0
2024-10-30 13:00:00,1.08399,1.0844,1.0831,1.08344,3457,2,0
2024-10-30 14:00:00,1.08345,1.08354,1.08215,1.08242,2691,2,0
2024-10-30 15:00:00,1.08242,1.08294,1.08077,1.08139,6585,2,0
2024-10-30 16:00:00,1.08139,1.08443,1.08112,1.08434,6439,2,0
2024-10-30 17:00:00,1.08435,1.08579,1.0842,1.0849,7441,2,0
2024-10-30 18:00:00,1.08493,1.08668,1.08416,1.08637,5493,2,0
2024-10-30 19:00:00,1.08637,1.08657,1.0857,1.08611,3396,2,0
2024-10-30 20:00:00,1.08608,1.08688,1.08536,1.0866,3023,2,0
2024-10-30 21:00:00,1.08661,1.08713,1.08651,1.08691,1988,2,0
2024-10-30 22:00:00,1.08692,1.08692,1.08561,1.0860400000000001,2960,2,0
2024-10-30 23:00:00,1.08605,1.08619,1.0856,1.08564,1601,2,0
2024-10-31 00:00:00,1.08555,1.08587,1.08546,1.08573,630,10,0
2024-10-31 01:00:00,1.08573,1.08597,1.08545,1.08585,1059,2,0
2024-10-31 02:00:00,1.08585,1.08601,1.08579,1.08582,802,2,0
2024-10-31 03:00:00,1.08582,1.08593,1.08529,1.08534,1649,2,0
2024-10-31 04:00:00,1.08533,1.08582,1.0844,1.08447,2550,2,0
2024-10-31 05:00:00,1.08446,1.08512,1.08442,1.0849,2250,2,0
2024-10-31 06:00:00,1.0849,1.08534,1.08485,1.08498,1803,2,0
2024-10-31 07:00:00,1.08498,1.08498,1.0845,1.08478,1639,2,0
2024-10-31 08:00:00,1.08477,1.0852,1.08465,1.08513,1439,2,0
2024-10-31 09:00:00,1.08513,1.08557,1.08478,1.08517,2638,2,0
2024-10-31 10:00:00,1.08519,1.08635,1.08476,1.08588,3778,2,0
2024-10-31 11:00:00,1.08588,1.0861,1.08511,1.08562,4268,2,0
2024-10-31 12:00:00,1.08562,1.08673,1.08541,1.08658,3396,2,0
2024-10-31 13:00:00,1.08658,1.08754,1.08646,1.0867,3365,2,0
2024-10-31 14:00:00,1.0867,1.08699,1.0859,1.08682,3244,2,0
2024-10-31 15:00:00,1.08682,1.08867,1.08636,1.08798,6787,2,0
2024-10-31 16:00:00,1.08797,1.08881,1.0856,1.08594,6319,2,0
2024-10-31 17:00:00,1.08595,1.08767,1.08515,1.08654,7304,2,0
2024-10-31 18:00:00,1.08654,1.08654,1.08465,1.08554,7272,2,0
2024-10-31 19:00:00,1.08554,1.0863,1.08537,1.08581,5153,2,0
2024-10-31 20:00:00,1.08582,1.08645,1.08554,1.08616,3152,2,0
2024-10-31 21:00:00,1.08615,1.08731,1.08606,1.08705,3490,2,0
2024-10-31 22:00:00,1.08704,1.08783,1.08678,1.08773,3187,2,0
2024-10-31 23:00:00,1.08773,1.0885,1.0877,1.08828,1948,2,0
2024-11-01 00:00:00,1.08839,1.08851,1.08815,1.08822,167,6,0
2024-11-01 01:00:00,1.08821,1.08863,1.08811,1.0886,657,2,0
2024-11-01 02:00:00,1.0886,1.08865,1.08834,1.08839,1398,2,0
2024-11-01 03:00:00,1.08839,1.08874,1.08804,1.08865,1811,2,0
2024-11-01 04:00:00,1.08865,1.08886,1.08786,1.08799,2606,2,0
2024-11-01 05:00:00,1.088,1.08811,1.08766,1.08782,2196,2,0
2024-11-01 06:00:00,1.08782,1.08791,1.0875,1.08763,1469,2,0
2024-11-01 07:00:00,1.08763,1.0879,1.08758,1.0877,1171,2,0
2024-11-01 08:00:00,1.08771,1.08779,1.08708,1.08716,1623,2,0
2024-11-01 09:00:00,1.08716,1.0875,1.08708,1.08729,1805,2,0
2024-11-01 10:00:00,1.0873,1.08775,1.08679,1.08679,2693,2,0
2024-11-01 11:00:00,1.08676,1.0868,1.08573,1.08624,3790,2,0
2024-11-01 12:00:00,1.08625,1.08684,1.08579,1.08584,2731,2,0
2024-11-01 13:00:00,1.08584,1.08611,1.08524,1.08606,2810,2,0
2024-11-01 14:00:00,1.08606,1.08693,1.08587,1.08679,2280,2,0
2024-11-01 15:00:00,1.0868,1.09057,1.0860400000000001,1.08861,7596,2,0
2024-11-01 16:00:00,1.08862,1.08897,1.08655,1.08698,7220,2,0
2024-11-01 17:00:00,1.08688,1.08745,1.08499,1.08544,7353,2,0
2024-11-01 18:00:00,1.0854300000000001,1.08586,1.08472,1.08484,4959,2,0
2024-11-01 19:00:00,1.08484,1.08544,1.08462,1.08525,3279,2,0
2024-11-01 20:00:00,1.08525,1.08528,1.08342,1.0836,2762,2,0
2024-11-01 21:00:00,1.08359,1.08456,1.08359,1.08392,2727,2,0
2024-11-01 22:00:00,1.08392,1.08417,1.08344,1.08358,2528,2,0
2024-11-01 23:00:00,1.08359,1.0836999999999999,1.08318,1.08341,1558,2,0
2024-11-04 00:00:00,1.08811,1.08817,1.08741,1.08801,693,29,0
2024-11-04 01:00:00,1.08801,1.08801,1.08715,1.08727,2781,2,0
2024-11-04 02:00:00,1.08727,1.08793,1.08698,1.08772,1983,2,0
2024-11-04 03:00:00,1.08771,1.08913,1.08766,1.08883,3061,2,0
2024-11-04 04:00:00,1.08883,1.08942,1.08847,1.08942,2970,2,0
2024-11-04 05:00:00,1.08943,1.09048,1.08942,1.09015,3197,2,0
2024-11-04 06:00:00,1.09015,1.09028,1.08967,1.08974,1746,2,0
2024-11-04 07:00:00,1.08975,1.09,1.08942,1.08989,1998,2,0
2024-11-04 08:00:00,1.0899,1.0902,1.08912,1.08915,2567,2,0
2024-11-04 09:00:00,1.08915,1.08957,1.08871,1.08913,3483,2,0
2024-11-04 10:00:00,1.08913,1.09008,1.0889199999999999,1.0893,3751,2,0
2024-11-04 11:00:00,1.0893,1.09021,1.08911,1.08962,3373,2,0
2024-11-04 12:00:00,1.08962,1.09028,1.08935,1.09015,2607,2,0
2024-11-04 13:00:00,1.09015,1.09141,1.08995,1.09133,2673,2,0
2024-11-04 14:00:00,1.09132,1.09147,1.09015,1.09044,3027,2,0
2024-11-04 15:00:00,1.09046,1.0909200000000001,1.08936,1.09052,4150,2,0
2024-11-04 16:00:00,1.09053,1.09098,1.08955,1.08997,4697,2,0
2024-11-04 17:00:00,1.08997,1.09082,1.0896,1.08993,5628,2,0
2024-11-04 18:00:00,1.08992,1.0901,1.08803,1.0884,3985,2,0
2024-11-04 19:00:00,1.0884,1.08938,1.08798,1.08887,3160,2,0
2024-11-04 20:00:00,1.08886,1.08891,1.08781,1.08851,3055,2,0
2024-11-04 21:00:00,1.08852,1.08857,1.08776,1.08788,2170,2,0
2024-11-04 22:00:00,1.08788,1.08815,1.08754,1.08755,2009,2,0
2024-11-04 23:00:00,1.08754,1.08776,1.08739,1.08774,870,2,0
2024-11-05 00:00:00,1.08777,1.08792,1.08761,1.08792,368,5,0
2024-11-05 01:00:00,1.08793,1.08793,1.08734,1.0873599999999999,573,2,0
2024-11-05 02:00:00,1.0873599999999999,1.08765,1.08725,1.08757,1106,2,0
2024-11-05 03:00:00,1.08756,1.08781,1.08729,1.08775,2055,2,0
2024-11-05 04:00:00,1.08777,1.088,1.08753,1.08773,1421,2,0
2024-11-05 05:00:00,1.08773,1.08795,1.08752,1.08759,1351,2,0
2024-11-05 06:00:00,1.08758,1.08784,1.08743,1.08753,1457,2,0
2024-11-05 07:00:00,1.08753,1.088,1.08749,1.08785,1183,2,0
2024-11-05 08:00:00,1.08785,1.08822,1.08769,1.08808,1487,2,0
2024-11-05 09:00:00,1.08809,1.08907,1.08809,1.08885,2426,2,0
2024-11-05 10:00:00,1.08887,1.08941,1.08841,1.08916,3349,2,0
2024-11-05 11:00:00,1.08915,1.08975,1.089,1.08916,2502,2,0
2024-11-05 12:00:00,1.08917,1.08943,1.08907,1.08939,2165,2,0
2024-11-05 13:00:00,1.08938,1.09016,1.08927,1.08994,2198,2,0
2024-11-05 14:00:00,1.08994,1.09013,1.08938,1.08955,2120,2,0
2024-11-05 15:00:00,1.08956,1.08985,1.08895,1.08925,2882,2,0
2024-11-05 16:00:00,1.08925,1.0911,1.08923,1.09059,4743,2,0
2024-11-05 17:00:00,1.08961,1.0912,1.0889,1.09017,6230,4,0
2024-11-05 18:00:00,1.09018,1.09204,1.09008,1.09199,4116,2,0
2024-11-05 19:00:00,1.09199,1.09303,1.0918,1.093,2453,2,0
2024-11-05 20:00:00,1.093,1.09364,1.09287,1.09302,3006,2,0
2024-11-05 21:00:00,1.09302,1.09339,1.09268,1.0931,2707,2,0
2024-11-05 22:00:00,1.09311,1.09311,1.0924,1.09249,2352,2,0
2024-11-05 23:00:00,1.0925,1.09295,1.0924,1.0929,1027,2,0
2024-11-06 00:00:00,1.09261,1.0929,1.09233,1.09234,275,9,0
2024-11-06 01:00:00,1.09226,1.0937000000000001,1.09118,1.09341,2868,2,0
2024-11-06 02:00:00,1.09341,1.09341,1.08319,1.08364,10411,2,0
2024-11-06 03:00:00,1.0836999999999999,1.08572,1.08214,1.08364,9137,2,0
2024-11-06 04:00:00,1.08363,1.08392,1.07613,1.07622,10368,2,0
2024-11-06 05:00:00,1.07623,1.07795,1.07186,1.07465,9924,2,0
2024-11-06 06:00:00,1.07465,1.07882,1.07392,1.07776,7531,2,0
2024-11-06 07:00:00,1.07776,1.07945,1.0751,1.07599,9033,2,0
2024-11-06 08:00:00,1.076,1.07613,1.07026,1.07252,8365,2,0
2024-11-06 09:00:00,1.07262,1.07522,1.07261,1.07343,9093,2,0
2024-11-06 10:00:00,1.07335,1.07813,1.07318,1.07731,7834,2,0
2024-11-06 11:00:00,1.07723,1.07737,1.07498,1.07551,6645,2,0
2024-11-06 12:00:00,1.07548,1.07617,1.07414,1.07463,5243,2,0
2024-11-06 13:00:00,1.07462,1.07465,1.0701100000000001,1.07079,7384,2,0
2024-11-06 14:00:00,1.07077,1.07187,1.06824,1.06884,7858,2,0
2024-11-06 15:00:00,1.06885,1.0719,1.06824,1.07097,7998,2,0
2024-11-06 16:00:00,1.07097,1.07198,1.06982,1.07156,7963,2,0
2024-11-06 17:00:00,1.07155,1.07397,1.0714,1.07383,9285,2,0
2024-11-06 18:00:00,1.07382,1.07451,1.0726,1.07312,6383,2,0
2024-11-06 19:00:00,1.07312,1.07446,1.07254,1.07271,4960,2,0
2024-11-06 20:00:00,1.07272,1.0758,1.07261,1.0753,5553,2,0
2024-11-06 21:00:00,1.07529,1.07533,1.07298,1.07352,4877,2,0
2024-11-06 22:00:00,1.07352,1.07382,1.07325,1.07351,4053,2,0
2024-11-06 23:00:00,1.07341,1.07357,1.07282,1.07289,1143,2,0
2024-11-07 00:00:00,1.0729899999999999,1.0729899999999999,1.07246,1.0729,558,8,0
2024-11-07 01:00:00,1.07297,1.07345,1.07286,1.0731600000000001,1028,2,0
2024-11-07 02:00:00,1.07315,1.07371,1.07203,1.07209,2277,2,0
2024-11-07 03:00:00,1.07208,1.07285,1.07127,1.07176,3635,2,0
2024-11-07 04:00:00,1.07176,1.07367,1.07172,1.07366,2779,2,0
2024-11-07 05:00:00,1.07366,1.07413,1.07319,1.07397,2049,2,0
2024-11-07 06:00:00,1.07397,1.07455,1.0734,1.0737700000000001,1778,2,0
2024-11-07 07:00:00,1.07378,1.07477,1.07372,1.0746,2043,2,0
2024-11-07 08:00:00,1.07459,1.07504,1.07408,1.07498,2563,2,0
2024-11-07 09:00:00,1.07476,1.07699,1.07449,1.07521,5378,2,0
2024-11-07 10:00:00,1.07523,1.07715,1.07488,1.07688,5613,2,0
2024-11-07 11:00:00,1.07687,1.0769,1.07459,1.07464,4535,2,0
2024-11-07 12:00:00,1.07464,1.07666,1.07463,1.07559,3438,2,0
2024-11-07 13:00:00,1.0756000000000001,1.07623,1.07521,1.07591,2692,2,0
2024-11-07 14:00:00,1.07591,1.07776,1.07564,1.07753,5370,2,0
2024-11-07 15:00:00,1.07753,1.07947,1.07734,1.07922,7439,2,0
2024-11-07 16:00:00,1.07923,1.08168,1.07812,1.08093,6234,2,0
2024-11-07 17:00:00,1.08093,1.0824799999999999,1.0805,1.08109,6360,2,0
2024-11-07 18:00:00,1.0811,1.08148,1.07846,1.07914,5543,2,0
2024-11-07 19:00:00,1.07913,1.08063,1.07873,1.08048,3483,2,0
2024-11-07 20:00:00,1.08049,1.08067,1.07926,1.07944,2962,2,0
2024-11-07 21:00:00,1.07944,1.08033,1.07671,1.07816,10168,2,0
2024-11-07 22:00:00,1.07817,1.08096,1.07799,1.08024,6651,2,0
2024-11-07 23:00:00,1.08022,1.08033,1.07992,1.08018,1299,2,0
2024-11-08 00:00:00,1.08043,1.08053,1.08022,1.0804,443,7,0
2024-11-08 01:00:00,1.08044,1.08045,1.07941,1.07955,1232,2,0
2024-11-08 02:00:00,1.07955,1.07974,1.07882,1.07905,2029,2,0
2024-11-08 03:00:00,1.07904,1.07914,1.0779,1.0787,2926,2,0
2024-11-08 04:00:00,1.07871,1.07897,1.07796,1.07809,2780,2,0
2024-11-08 05:00:00,1.07809,1.07888,1.07769,1.07781,1985,2,0
2024-11-08 06:00:00,1.07781,1.07839,1.07765,1.07829,1634,2,0
2024-11-08 07:00:00,1.0783,1.07865,1.078,1.07817,1728,2,0
2024-11-08 08:00:00,1.07819,1.0783800000000001,1.07729,1.07773,2593,2,0
2024-11-08 09:00:00,1.07774,1.07839,1.07751,1.07797,3923,2,0
2024-11-08 10:00:00,1.07796,1.07826,1.07609,1.0779,7362,2,0
2024-11-08 11:00:00,1.07789,1.07893,1.07722,1.07791,5033,2,0
2024-11-08 12:00:00,1.07791,1.07797,1.07671,1.07785,4020,2,0
2024-11-08 13:00:00,1.07786,1.07973,1.07785,1.07829,3644,2,0
2024-11-08 14:00:00,1.0783,1.07843,1.07666,1.07719,4789,2,0
2024-11-08 15:00:00,1.0772,1.0772599999999999,1.07444,1.0753,5730,2,0
2024-11-08 16:00:00,1.07529,1.07658,1.07494,1.07514,5607,2,0
2024-11-08 17:00:00,1.07502,1.07525,1.074,1.0748199999999999,6131,2,0
2024-11-08 18:00:00,1.07483,1.07504,1.07091,1.07097,5251,2,0
2024-11-08 19:00:00,1.07097,1.07132,1.06868,1.07091,5894,2,0
2024-11-08 20:00:00,1.07091,1.07189,1.06998,1.07066,3463,2,0
2024-11-08 21:00:00,1.07065,1.07153,1.07054,1.07136,2720,2,0
2024-11-08 22:00:00,1.07135,1.07197,1.07104,1.07175,2876,2,0
2024-11-08 23:00:00,1.07176,1.07214,1.0717,1.0718,1440,2,0
2024-11-11 00:00:00,1.07077,1.07116,1.0707200000000001,1.07086,1633,24,0
2024-11-11 01:00:00,1.07084,1.0717,1.07078,1.07132,1599,2,0
2024-11-11 02:00:00,1.0713,1.07187,1.07087,1.07168,2401,2,0
2024-11-11 03:00:00,1.07168,1.0728,1.07157,1.07202,3153,2,0
2024-11-11 04:00:00,1.07201,1.0725,1.07193,1.07228,2421,2,0
2024-11-11 05:00:00,1.07228,1.07271,1.07151,1.07169,1789,2,0
2024-11-11 06:00:00,1.07168,1.07169,1.07078,1.07138,1542,2,0
2024-11-11 07:00:00,1.07139,1.07187,1.07112,1.07175,1480,2,0
2024-11-11 08:00:00,1.07176,1.07215,1.07124,1.07209,1848,2,0
2024-11-11 09:00:00,1.07208,1.07221,1.06858,1.06901,4971,2,0
2024-11-11 10:00:00,1.069,1.06943,1.06784,1.06873,4766,2,0
2024-11-11 11:00:00,1.06873,1.06897,1.06681,1.06814,4262,2,0
2024-11-11 12:00:00,1.06809,1.06885,1.06708,1.06719,3343,2,0
2024-11-11 13:00:00,1.06719,1.06719,1.06555,1.06625,4132,2,0
2024-11-11 14:00:00,1.06625,1.06646,1.0652,1.06522,3291,2,0
2024-11-11 15:00:00,1.06523,1.06554,1.06364,1.0648,4602,2,0
2024-11-11 16:00:00,1.0648,1.06575,1.06286,1.06425,4765,2,0
2024-11-11 17:00:00,1.06426,1.06506,1.06363,1.06473,4444,2,0
2024-11-11 18:00:00,1.06474,1.06542,1.06448,1.06519,3014,2,0
2024-11-11 19:00:00,1.06519,1.06564,1.0645,1.06491,2164,2,0
2024-11-11 20:00:00,1.0649,1.06519,1.06459,1.06504,2231,2,0
2024-11-11 21:00:00,1.06503,1.06572,1.06494,1.06512,1889,2,0
2024-11-11 22:00:00,1.06513,1.06563,1.06513,1.06555,1754,2,0
2024-11-11 23:00:00,1.06555,1.06577,1.06552,1.06558,757,2,0
2024-11-12 00:00:00,1.06515,1.06573,1.06512,1.06555,571,6,0
2024-11-12 01:00:00,1.06556,1.0663,1.06539,1.0663,897,2,0
2024-11-12 02:00:00,1.0663,1.06631,1.06542,1.06579,1742,2,0
2024-11-12 03:00:00,1.0658,1.06598,1.06476,1.06482,3269,2,0
2024-11-12 04:00:00,1.06482,1.0652,1.06421,1.06435,2820,2,0
2024-11-12 05:00:00,1.06433,1.06495,1.0638,1.06382,2196,2,0
2024-11-12 06:00:00,1.06382,1.06458,1.06378,1.06442,1791,2,0
2024-11-12 07:00:00,1.06443,1.06458,1.06393,1.06399,2264,2,0
2024-11-12 08:00:00,1.06398,1.06398,1.06293,1.06345,3036,2,0
2024-11-12 09:00:00,1.06343,1.06371,1.06216,1.06322,4617,2,0
2024-11-12 10:00:00,1.06321,1.06341,1.06169,1.06317,4946,2,0
2024-11-12 11:00:00,1.06317,1.06322,1.06164,1.0626,3647,2,0
2024-11-12 12:00:00,1.06262,1.06262,1.0611,1.0618,4190,2,0
2024-11-12 13:00:00,1.06179,1.06297,1.06173,1.06188,3535,2,0
2024-11-12 14:00:00,1.06188,1.06215,1.06062,1.06198,4693,2,0
2024-11-12 15:00:00,1.06197,1.06272,1.06143,1.0623,5152,2,0
2024-11-12 16:00:00,1.06229,1.0626,1.06136,1.06176,5196,2,0
2024-11-12 17:00:00,1.06176,1.06178,1.06018,1.0609,6161,2,0
2024-11-12 18:00:00,1.06089,1.06159,1.05959,1.05981,5332,2,0
2024-11-12 19:00:00,1.05979,1.06083,1.05949,1.06067,5188,2,0
2024-11-12 20:00:00,1.06068,1.06171,1.06065,1.06161,3557,2,0
2024-11-12 21:00:00,1.0616,1.06186,1.06123,1.06125,2517,2,0
2024-11-12 22:00:00,1.06123,1.06236,1.06093,1.06222,2640,2,0
2024-11-12 23:00:00,1.06221,1.06267,1.06221,1.06242,1322,2,0
2024-11-13 00:00:00,1.06198,1.06226,1.0617,1.06202,1311,6,0
2024-11-13 01:00:00,1.06197,1.06209,1.06137,1.06164,1070,2,0
2024-11-13 02:00:00,1.06164,1.06171,1.06109,1.06127,1868,2,0
2024-11-13 03:00:00,1.06127,1.06292,1.06119,1.0628,3542,2,0
2024-11-13 04:00:00,1.0628,1.06294,1.06217,1.06262,2157,2,0
2024-11-13 05:00:00,1.06261,1.06282,1.06176,1.06191,1469,2,0
2024-11-13 06:00:00,1.06191,1.06226,1.06175,1.06178,1283,2,0
2024-11-13 07:00:00,1.06179,1.06185,1.06094,1.06129,1830,2,0
2024-11-13 08:00:00,1.0613,1.06169,1.06074,1.06135,2799,2,0
2024-11-13 09:00:00,1.06131,1.06144,1.06024,1.06029,2989,2,0
2024-11-13 10:00:00,1.0602800000000001,1.06132,1.05933,1.06121,3873,2,0
2024-11-13 11:00:00,1.06121,1.06298,1.0608,1.06269,3696,2,0
2024-11-13 12:00:00,1.06269,1.06283,1.06116,1.0615,3097,2,0
2024-11-13 13:00:00,1.0615,1.06382,1.061,1.06375,3180,2,0
2024-11-13 14:00:00,1.06375,1.06435,1.06243,1.06314,3926,2,0
2024-11-13 15:00:00,1.06312,1.06539,1.06228,1.06365,8838,2,0
2024-11-13 16:00:00,1.06366,1.0638,1.05762,1.05854,9581,2,0
2024-11-13 17:00:00,1.05857,1.05936,1.05557,1.05886,9775,2,0
2024-11-13 18:00:00,1.05887,1.0592,1.05622,1.05662,6333,2,0
2024-11-13 19:00:00,1.05662,1.05775,1.05615,1.05688,4858,2,0
2024-11-13 20:00:00,1.05688,1.05696,1.05564,1.05588,3637,2,0
2024-11-13 21:00:00,1.05588,1.05759,1.05566,1.05654,3306,2,0
2024-11-13 22:00:00,1.05655,1.05688,1.05589,1.05619,2907,2,0
2024-11-13 23:00:00,1.05619,1.05668,1.05618,1.05639,1312,2,0
2024-11-14 00:00:00,1.05622,1.05636,1.05574,1.05625,882,6,0
2024-11-14 01:00:00,1.05626,1.05659,1.05615,1.05657,1109,2,0
2024-11-14 02:00:00,1.05657,1.05686,1.05626,1.05654,1921,2,0
2024-11-14 03:00:00,1.05653,1.05653,1.0551,1.0556,3213,2,0
2024-11-14 04:00:00,1.0556,1.05576,1.05473,1.05494,2566,2,0
2024-11-14 05:00:00,1.05494,1.05559,1.05454,1.05476,1829,2,0
2024-11-14 06:00:00,1.05477,1.05502,1.05451,1.05485,1437,2,0
2024-11-14 07:00:00,1.05486,1.05486,1.05339,1.05471,2218,2,0
2024-11-14 08:00:00,1.0547,1.05541,1.05424,1.05451,2894,2,0
2024-11-14 09:00:00,1.05451,1.05549,1.05406,1.05511,3733,2,0
2024-11-14 10:00:00,1.0551,1.05582,1.05323,1.05361,4770,2,0
2024-11-14 11:00:00,1.05359,1.05421,1.05177,1.05204,4379,2,0
2024-11-14 12:00:00,1.05202,1.0521,1.05017,1.05112,4427,2,0
2024-11-14 13:00:00,1.05111,1.05339,1.04963,1.05287,5006,2,0
2024-11-14 14:00:00,1.05287,1.05451,1.05231,1.05358,4530,2,0
2024-11-14 15:00:00,1.05357,1.05436,1.05133,1.05305,8094,2,0
2024-11-14 16:00:00,1.05304,1.05689,1.05296,1.05527,7738,2,0
2024-11-14 17:00:00,1.05527,1.05777,1.05527,1.05747,7303,2,0
2024-11-14 18:00:00,1.05748,1.05825,1.05606,1.05617,5755,2,0
2024-11-14 19:00:00,1.05617,1.05637,1.05549,1.05593,4063,2,0
2024-11-14 20:00:00,1.05594,1.05606,1.0546,1.05469,2849,2,0
2024-11-14 21:00:00,1.05469,1.05517,1.05432,1.05477,2613,2,0
2024-11-14 22:00:00,1.05478,1.05482,1.0512,1.05203,8357,2,0
2024-11-14 23:00:00,1.05203,1.05291,1.05187,1.05289,1924,2,0
2024-11-15 00:00:00,1.05267,1.05329,1.05261,1.0531,764,5,0
2024-11-15 01:00:00,1.0531,1.05318,1.05257,1.05295,1142,2,0
2024-11-15 02:00:00,1.05295,1.05336,1.05236,1.05306,2240,2,0
2024-11-15 03:00:00,1.05306,1.05415,1.05281,1.05318,3299,2,0
2024-11-15 04:00:00,1.05317,1.05427,1.05317,1.05411,2679,2,0
2024-11-15 05:00:00,1.05412,1.05461,1.05391,1.05402,1936,2,0
2024-11-15 06:00:00,1.05401,1.0546,1.05392,1.05424,1695,2,0
2024-11-15 07:00:00,1.05423,1.05429,1.05392,1.05402,1929,2,0
2024-11-15 08:00:00,1.05401,1.0561,1.05336,1.05541,3331,2,0
2024-11-15 09:00:00,1.05541,1.0564,1.05506,1.05565,3778,2,0
2024-11-15 10:00:00,1.05564,1.05719,1.05522,1.05698,4575,2,0
2024-11-15 11:00:00,1.05697,1.058,1.05606,1.05622,4204,2,0
2024-11-15 12:00:00,1.05622,1.05776,1.05586,1.05744,4186,2,0
2024-11-15 13:00:00,1.05743,1.058,1.0570599999999999,1.05772,3265,2,0
2024-11-15 14:00:00,1.05771,1.0579,1.0564,1.05758,3333,2,0
2024-11-15 15:00:00,1.05764,1.05929,1.05539,1.05585,8422,2,0
2024-11-15 16:00:00,1.05583,1.05633,1.05232,1.05314,8134,2,0
2024-11-15 17:00:00,1.0532,1.05424,1.05247,1.05353,8137,2,0
2024-11-15 18:00:00,1.05353,1.05516,1.05332,1.05512,6631,2,0
2024-11-15 19:00:00,1.05514,1.056,1.0547,1.05486,4918,2,0
2024-11-15 20:00:00,1.05487,1.05546,1.05386,1.05514,4050,2,0
2024-11-15 21:00:00,1.05515,1.05521,1.05358,1.05372,3595,2,0
2024-11-15 22:00:00,1.05371,1.05378,1.05163,1.05278,3866,2,0
2024-11-15 23:00:00,1.05278,1.05337,1.05226,1.05332,1530,2,0
2024-11-18 00:00:00,1.05301,1.05346,1.05294,1.05311,938,22,0
2024-11-18 01:00:00,1.05304,1.05388,1.05304,1.05363,1400,2,0
2024-11-18 02:00:00,1.05363,1.05499,1.0533,1.05487,2772,2,0
2024-11-18 03:00:00,1.05488,1.05507,1.05385,1.05421,4183,2,0
2024-11-18 04:00:00,1.0542,1.05464,1.05378,1.05414,2787,2,0
2024-11-18 05:00:00,1.05414,1.05447,1.05302,1.05341,2053,2,0
2024-11-18 06:00:00,1.05342,1.05425,1.05334,1.05408,1434,2,0
2024-11-18 07:00:00,1.05407,1.0544,1.05356,1.05381,1865,2,0
2024-11-18 08:00:00,1.0538,1.05475,1.05363,1.05427,2330,2,0
2024-11-18 09:00:00,1.05427,1.05483,1.05379,1.05472,3117,2,0
2024-11-18 10:00:00,1.05471,1.05561,1.05417,1.05468,4416,2,0
2024-11-18 11:00:00,1.05468,1.05712,1.05431,1.05662,4436,2,0
2024-11-18 12:00:00,1.0566,1.05671,1.05458,1.0548,3450,2,0
2024-11-18 13:00:00,1.05479,1.0548,1.05324,1.05424,3638,2,0
2024-11-18 14:00:00,1.05423,1.05487,1.05345,1.05472,3826,2,0
2024-11-18 15:00:00,1.05473,1.05686,1.05455,1.05678,4853,2,0
2024-11-18 16:00:00,1.05677,1.05745,1.05605,1.05685,5004,2,0
2024-11-18 17:00:00,1.05686,1.05754,1.05606,1.05735,4812,2,0
2024-11-18 18:00:00,1.05734,1.05859,1.05651,1.05859,4143,2,0
2024-11-18 19:00:00,1.0586,1.05924,1.05797,1.05912,3663,2,0
2024-11-18 20:00:00,1.05911,1.05978,1.05871,1.05972,2642,2,0
2024-11-18 21:00:00,1.05973,1.06071,1.05888,1.05908,2646,2,0
2024-11-18 22:00:00,1.05908,1.05964,1.0589,1.05923,2150,2,0
2024-11-18 23:00:00,1.05923,1.06004,1.05903,1.05992,1031,2,0
2024-11-19 00:00:00,1.05975,1.05989,1.0596,1.05987,483,6,0
2024-11-19 01:00:00,1.05985,1.05987,1.05931,1.05945,902,2,0
2024-11-19 02:00:00,1.05945,1.05946,1.05871,1.05895,2188,2,0
2024-11-19 03:00:00,1.05896,1.05961,1.05888,1.05931,3260,2,0
2024-11-19 04:00:00,1.0593,1.05963,1.05888,1.05919,2634,2,0
2024-11-19 05:00:00,1.05917,1.06007,1.05915,1.0596700000000001,2139,2,0
2024-11-19 06:00:00,1.05968,1.06009,1.05864,1.05869,1862,2,0
2024-11-19 07:00:00,1.05869,1.05885,1.05826,1.05835,1719,2,0
2024-11-19 08:00:00,1.05835,1.05963,1.05832,1.05926,2032,2,0
2024-11-19 09:00:00,1.05927,1.05948,1.05744,1.05775,4099,2,0
2024-11-19 10:00:00,1.05774,1.0588,1.05625,1.05717,7170,2,0
2024-11-19 11:00:00,1.05717,1.05779,1.05233,1.05496,8595,2,0
2024-11-19 12:00:00,1.05495,1.05691,1.05435,1.0561,5097,2,0
2024-11-19 13:00:00,1.05612,1.05647,1.05494,1.05619,4117,2,0
2024-11-19 14:00:00,1.05619,1.05722,1.05595,1.0572,3961,2,0
2024-11-19 15:00:00,1.05722,1.05975,1.05717,1.0576699999999999,6854,2,0
2024-11-19 16:00:00,1.05769,1.05955,1.05698,1.05726,8308,2,0
2024-11-19 17:00:00,1.05726,1.06006,1.05655,1.05866,6624,2,0
2024-11-19 18:00:00,1.05867,1.05928,1.05708,1.05774,5072,2,0
2024-11-19 19:00:00,1.05774,1.0589,1.05765,1.05803,3775,2,0
2024-11-19 20:00:00,1.05802,1.05902,1.0571,1.05898,3289,2,0
2024-11-19 21:00:00,1.05899,1.05953,1.05835,1.05937,3183,2,0
2024-11-19 22:00:00,1.05937,1.05979,1.05913,1.05935,2471,2,0
2024-11-19 23:00:00,1.05934,1.05973,1.05926,1.05961,1058,2,0
2024-11-20 00:00:00,1.05903,1.05956,1.05903,1.05952,1366,14,0
2024-11-20 01:00:00,1.05952,1.06078,1.05941,1.06071,1252,2,0
2024-11-20 02:00:00,1.06071,1.06097,1.0599,1.05993,1454,2,0
2024-11-20 03:00:00,1.05993,1.06039,1.05957,1.06,2461,2,0
2024-11-20 04:00:00,1.06002,1.06033,1.05956,1.05959,1708,2,0
2024-11-20 05:00:00,1.05958,1.05989,1.05883,1.05898,1342,2,0
2024-11-20 06:00:00,1.05898,1.05945,1.05876,1.05929,1037,2,0
2024-11-20 07:00:00,1.05929,1.05943,1.05867,1.0587,1396,2,0
2024-11-20 08:00:00,1.0587,1.05955,1.0582799999999999,1.05873,2201,2,0
2024-11-20 09:00:00,1.05862,1.05947,1.05765,1.05783,4412,2,0
2024-11-20 10:00:00,1.05782,1.05789,1.05602,1.05642,4686,2,0
2024-11-20 11:00:00,1.05639,1.0569,1.0553,1.05554,4249,2,0
2024-11-20 12:00:00,1.05554,1.05616,1.05453,1.05488,4110,2,0
2024-11-20 13:00:00,1.05487,1.05562,1.05421,1.05544,3698,2,0
2024-11-20 14:00:00,1.05547,1.05679,1.05515,1.05585,3840,2,0
2024-11-20 15:00:00,1.05586,1.05634,1.05511,1.05566,4175,2,0
2024-11-20 16:00:00,1.05567,1.05569,1.05223,1.05248,5716,2,0
2024-11-20 17:00:00,1.0525,1.05379,1.05158,1.05216,6308,2,0
2024-11-20 18:00:00,1.05217,1.05249,1.05068,1.05202,4951,2,0
2024-11-20 19:00:00,1.05203,1.05362,1.0516,1.0532,3187,2,0
2024-11-20 20:00:00,1.0532,1.05363,1.05254,1.0536,3135,2,0
2024-11-20 21:00:00,1.05364,1.05424,1.05359,1.05395,2440,2,0
2024-11-20 22:00:00,1.05394,1.054,1.05362,1.05391,1923,2,0
2024-11-20 23:00:00,1.0539,1.05443,1.05378,1.0543,1131,2,0
2024-11-21 00:00:00,1.05408,1.05432,1.05408,1.05423,815,9,0
2024-11-21 01:00:00,1.05428,1.0546,1.05422,1.05457,592,2,0
2024-11-21 02:00:00,1.05457,1.05473,1.05422,1.05455,1325,2,0
2024-11-21 03:00:00,1.05456,1.05498,1.05449,1.05457,1963,2,0
2024-11-21 04:00:00,1.05458,1.05501,1.05457,1.05494,1460,2,0
2024-11-21 05:00:00,1.05495,1.05532,1.05474,1.05531,1320,2,0
2024-11-21 06:00:00,1.05532,1.05549,1.05489,1.05512,1132,2,0
2024-11-21 07:00:00,1.05512,1.05515,1.05462,1.05466,1544,2,0
2024-11-21 08:00:00,1.05467,1.05545,1.0542,1.05453,2779,2,0
2024-11-21 09:00:00,1.05454,1.05472,1.05295,1.05364,4680,2,0
2024-11-21 10:00:00,1.05364,1.05431,1.05239,1.05406,4886,2,0
2024-11-21 11:00:00,1.05406,1.05408,1.05139,1.05169,5847,2,0
2024-11-21 12:00:00,1.05171,1.05285,1.05138,1.05208,3574,2,0
2024-11-21 13:00:00,1.0521,1.05313,1.05159,1.05199,3362,2,0
2024-11-21 14:00:00,1.05199,1.05357,1.05175,1.05275,3599,2,0
2024-11-21 15:00:00,1.05275,1.05392,1.05127,1.05329,6584,2,0
2024-11-21 16:00:00,1.0533,1.05358,1.05209,1.05352,6415,2,0
2024-11-21 17:00:00,1.05352,1.05446,1.05089,1.05104,6574,2,0
2024-11-21 18:00:00,1.05104,1.05148,1.04713,1.04743,8526,2,0
2024-11-21 19:00:00,1.04743,1.04879,1.04621,1.04874,4988,2,0
2024-11-21 20:00:00,1.04873,1.04893,1.04781,1.0486,3118,2,0
2024-11-21 21:00:00,1.04861,1.04873,1.04731,1.04845,2781,2,0
2024-11-21 22:00:00,1.04842,1.0487,1.04779,1.0479,2037,2,0
2024-11-21 23:00:00,1.0479,1.04805,1.04717,1.04725,1123,2,0
2024-11-22 00:00:00,1.04727,1.04769,1.04723,1.04755,336,6,0
2024-11-22 01:00:00,1.04755,1.04772,1.04676,1.0469,1228,2,0
2024-11-22 02:00:00,1.0469,1.04756,1.04664,1.04755,2024,2,0
2024-11-22 03:00:00,1.04755,1.04777,1.04694,1.04716,2188,2,0
2024-11-22 04:00:00,1.04715,1.04733,1.0467,1.04729,1756,2,0
2024-11-22 05:00:00,1.04729,1.04783,1.04722,1.04749,1963,2,0
2024-11-22 06:00:00,1.04748,1.04761,1.04695,1.04747,1270,2,0
2024-11-22 07:00:00,1.04746,1.04746,1.04614,1.04645,1897,2,0
2024-11-22 08:00:00,1.04645,1.04704,1.04636,1.04692,2462,2,0
2024-11-22 09:00:00,1.04692,1.04893,1.04622,1.0486,4226,2,0
2024-11-22 10:00:00,1.0486,1.04979,1.04411,1.04434,7517,2,0
2024-11-22 11:00:00,1.04438,1.04442,1.03334,1.04018,10112,2,0
2024-11-22 12:00:00,1.04019,1.04375,1.0385,1.0429599999999999,6657,2,0
2024-11-22 13:00:00,1.0429599999999999,1.04298,1.04082,1.04166,4540,2,0
2024-11-22 14:00:00,1.04166,1.04196,1.03979,1.04075,4924,2,0
2024-11-22 15:00:00,1.04076,1.04344,1.04063,1.04295,6186,2,0
2024-11-22 16:00:00,1.04294,1.04347,1.04022,1.04045,7537,2,0
2024-11-22 17:00:00,1.04046,1.04202,1.03949,1.04107,8855,2,0
2024-11-22 18:00:00,1.04107,1.04119,1.03919,1.03983,5104,2,0
2024-11-22 19:00:00,1.03983,1.04204,1.03983,1.0419,3148,2,0
2024-11-22 20:00:00,1.04189,1.04254,1.04148,1.04167,2894,2,0
2024-11-22 21:00:00,1.04166,1.04189,1.04086,1.04108,2308,2,0
2024-11-22 22:00:00,1.04108,1.04175,1.0408,1.04145,2405,2,0
2024-11-22 23:00:00,1.04144,1.04182,1.04133,1.04175,1180,2,0
